timestamps,PPG1,PPG2,PPG3
1692032795.954,578.000,128054.000,75306.000
1692032795.954,578.000,128086.000,75293.000
1692032795.954,578.000,128046.000,75299.000
1692032795.954,577.000,128020.000,75285.000
1692032795.954,578.000,127996.000,75268.000
1692032795.954,577.000,128004.000,75250.000
1692032796.044,578.000,127997.000,75221.000
1692032796.044,577.000,127989.000,75246.000
1692032796.044,577.000,128000.000,75259.000
1692032796.044,578.000,128017.000,75247.000
1692032796.044,576.000,127964.000,75249.000
1692032796.044,578.000,127987.000,75263.000
1692032796.134,577.000,128032.000,75225.000
1692032796.134,578.000,128019.000,75238.000
1692032796.134,579.000,128045.000,75225.000
1692032796.134,576.000,128024.000,75237.000
1692032796.134,580.000,128001.000,75233.000
1692032796.134,578.000,128016.000,75246.000
1692032796.224,582.000,128002.000,75241.000
1692032796.224,608.000,128004.000,75229.000
1692032796.224,612.000,128050.000,75255.000
1692032796.224,612.000,128053.000,75235.000
1692032796.224,611.000,128090.000,75252.000
1692032796.224,613.000,128083.000,75231.000
1692032796.329,612.000,128079.000,75231.000
1692032796.329,610.000,128166.000,75262.000
1692032796.329,613.000,128165.000,75248.000
1692032796.329,611.000,128189.000,75257.000
1692032796.329,612.000,128175.000,75252.000
1692032796.329,611.000,128194.000,75226.000
1692032796.419,611.000,128287.000,75276.000
1692032796.419,612.000,128250.000,75283.000
1692032796.419,612.000,128235.000,75279.000
1692032796.419,611.000,128305.000,75319.000
1692032796.419,611.000,128279.000,75297.000
1692032796.419,613.000,128296.000,75283.000
1692032796.509,613.000,128366.000,75278.000
1692032796.509,612.000,128355.000,75309.000
1692032796.509,612.000,128355.000,75310.000
1692032796.509,612.000,128364.000,75344.000
1692032796.509,613.000,128424.000,75333.000
1692032796.509,612.000,128427.000,75326.000
1692032796.600,612.000,128418.000,75305.000
1692032796.600,611.000,128406.000,75302.000
1692032796.600,612.000,128350.000,75288.000
1692032796.600,611.000,128343.000,75239.000
1692032796.600,611.000,128221.000,75253.000
1692032796.600,610.000,128263.000,75271.000
1692032796.704,611.000,128265.000,75264.000
1692032796.704,611.000,128251.000,75222.000
1692032796.704,610.000,128230.000,75231.000
1692032796.704,611.000,128220.000,75253.000
1692032796.704,609.000,128170.000,75208.000
1692032796.704,606.000,128147.000,75197.000
1692032796.794,605.000,128153.000,75153.000
1692032796.794,597.000,128120.000,75196.000
1692032796.794,593.000,128066.000,75188.000
1692032796.794,591.000,128055.000,75179.000
1692032796.794,586.000,128150.000,75211.000
1692032796.794,584.000,128094.000,75165.000
1692032796.885,583.000,128110.000,75163.000
1692032796.885,585.000,128107.000,75169.000
1692032796.885,583.000,128082.000,75169.000
1692032796.885,582.000,128095.000,75141.000
1692032796.885,582.000,128029.000,75165.000
1692032796.885,584.000,128095.000,75144.000
1692032796.974,584.000,128035.000,75143.000
1692032796.974,585.000,128112.000,75139.000
1692032796.974,583.000,128106.000,75133.000
1692032796.974,584.000,128120.000,75102.000
1692032796.974,582.000,128086.000,75148.000
1692032796.974,585.000,128124.000,75173.000
1692032797.079,584.000,128115.000,75148.000
1692032797.079,584.000,128152.000,75154.000
1692032797.079,584.000,128176.000,75144.000
1692032797.079,585.000,128204.000,75168.000
1692032797.079,583.000,128146.000,75187.000
1692032797.079,585.000,128189.000,75148.000
1692032797.185,584.000,128237.000,75150.000
1692032797.185,585.000,128234.000,75157.000
1692032797.185,585.000,128240.000,75151.000
1692032797.185,585.000,128209.000,75156.000
1692032797.185,584.000,128320.000,75211.000
1692032797.185,585.000,128271.000,75193.000
1692032797.275,585.000,128362.000,75203.000
1692032797.275,585.000,128388.000,75210.000
1692032797.275,585.000,128363.000,75208.000
1692032797.275,584.000,128364.000,75210.000
1692032797.275,586.000,128438.000,75214.000
1692032797.275,585.000,128455.000,75238.000
1692032797.350,586.000,128493.000,75235.000
1692032797.350,584.000,128452.000,75240.000
1692032797.350,587.000,128445.000,75210.000
1692032797.350,586.000,128417.000,75209.000
1692032797.350,586.000,128353.000,75156.000
1692032797.350,585.000,128363.000,75195.000
1692032797.456,586.000,128323.000,75190.000
1692032797.456,585.000,128341.000,75128.000
1692032797.456,584.000,128267.000,75131.000
1692032797.456,585.000,128233.000,75122.000
1692032797.456,585.000,128221.000,75122.000
1692032797.456,584.000,128252.000,75124.000
1692032797.544,586.000,128193.000,75129.000
1692032797.544,586.000,128176.000,75106.000
1692032797.544,588.000,128189.000,75099.000
1692032797.544,584.000,128176.000,75098.000
1692032797.544,587.000,128174.000,75092.000
1692032797.544,586.000,128157.000,75085.000
1692032797.634,585.000,128158.000,75097.000
1692032797.634,585.000,128187.000,75088.000
1692032797.634,586.000,128160.000,75090.000
1692032797.634,587.000,128129.000,75074.000
1692032797.634,589.000,128163.000,75039.000
1692032797.634,588.000,128167.000,75064.000
1692032797.726,587.000,128126.000,75069.000
1692032797.726,587.000,128161.000,75083.000
1692032797.726,588.000,128205.000,75070.000
1692032797.726,587.000,128166.000,75067.000
1692032797.726,588.000,128199.000,75067.000
1692032797.726,588.000,128197.000,75088.000
1692032797.829,589.000,128178.000,75042.000
1692032797.829,588.000,128209.000,75040.000
1692032797.829,588.000,128230.000,75075.000
1692032797.829,589.000,128194.000,75073.000
1692032797.829,589.000,128238.000,75064.000
1692032797.829,589.000,128263.000,75087.000
1692032797.920,588.000,128296.000,75064.000
1692032797.920,589.000,128275.000,75090.000
1692032797.920,589.000,128358.000,75081.000
1692032797.920,589.000,128333.000,75086.000
1692032797.920,589.000,128366.000,75114.000
1692032797.920,590.000,128374.000,75110.000
1692032798.011,590.000,128375.000,75125.000
1692032798.011,589.000,128400.000,75122.000
1692032798.011,590.000,128445.000,75097.000
1692032798.011,588.000,128434.000,75149.000
1692032798.011,590.000,128477.000,75161.000
1692032798.011,588.000,128524.000,75114.000
1692032798.106,590.000,128566.000,75142.000
1692032798.106,591.000,128557.000,75173.000
1692032798.106,587.000,128603.000,75139.000
1692032798.106,590.000,128592.000,75145.000
1692032798.106,590.000,128631.000,75193.000
1692032798.106,589.000,128557.000,75187.000
1692032798.204,590.000,128622.000,75185.000
1692032798.204,590.000,128571.000,75133.000
1692032798.204,589.000,128559.000,75150.000
1692032798.204,588.000,128520.000,75101.000
1692032798.204,589.000,128516.000,75102.000
1692032798.204,590.000,128455.000,75115.000
1692032798.294,588.000,128432.000,75099.000
1692032798.294,589.000,128406.000,75089.000
1692032798.294,589.000,128423.000,75050.000
1692032798.294,589.000,128430.000,75095.000
1692032798.294,589.000,128378.000,75055.000
1692032798.294,588.000,128387.000,75029.000
1692032798.399,589.000,128353.000,75028.000
1692032798.399,589.000,128365.000,75055.000
1692032798.399,590.000,128331.000,75065.000
1692032798.399,588.000,128337.000,75031.000
1692032798.399,589.000,128358.000,75020.000
1692032798.399,588.000,128325.000,75073.000
1692032798.474,589.000,128315.000,75011.000
1692032798.474,589.000,128253.000,75025.000
1692032798.474,588.000,128300.000,75025.000
1692032798.474,588.000,128259.000,75007.000
1692032798.474,589.000,128278.000,74981.000
1692032798.474,589.000,128286.000,74987.000
1692032798.579,589.000,128309.000,75000.000
1692032798.579,589.000,128311.000,74975.000
1692032798.579,588.000,128321.000,75008.000
1692032798.579,588.000,128307.000,75019.000
1692032798.579,588.000,128363.000,75016.000
1692032798.579,588.000,128353.000,75012.000
1692032798.669,589.000,128393.000,75026.000
1692032798.669,589.000,128363.000,74990.000
1692032798.669,590.000,128371.000,75051.000
1692032798.669,590.000,128416.000,75014.000
1692032798.669,589.000,128410.000,75044.000
1692032798.669,590.000,128471.000,75066.000
1692032798.759,589.000,128442.000,75057.000
1692032798.759,588.000,128400.000,75068.000
1692032798.759,590.000,128459.000,75049.000
1692032798.759,589.000,128523.000,75024.000
1692032798.759,590.000,128467.000,75083.000
1692032798.759,590.000,128499.000,75103.000
1692032798.865,590.000,128513.000,75056.000
1692032798.865,590.000,128557.000,75069.000
1692032798.865,589.000,128580.000,75094.000
1692032798.865,589.000,128606.000,75101.000
1692032798.865,589.000,128644.000,75096.000
1692032798.865,589.000,128624.000,75120.000
1692032798.944,589.000,128603.000,75099.000
1692032798.944,589.000,128609.000,75097.000
1692032798.944,590.000,128619.000,75082.000
1692032798.944,590.000,128625.000,75064.000
1692032798.944,591.000,128567.000,75059.000
1692032798.944,589.000,128485.000,75068.000
1692032799.044,589.000,128512.000,75029.000
1692032799.044,588.000,128477.000,75006.000
1692032799.044,588.000,128398.000,75016.000
1692032799.044,589.000,128386.000,75015.000
1692032799.044,588.000,128409.000,74976.000
1692032799.044,589.000,128358.000,75006.000
1692032799.137,588.000,128326.000,74981.000
1692032799.137,588.000,128307.000,74968.000
1692032799.137,588.000,128266.000,74986.000
1692032799.137,588.000,128307.000,74949.000
1692032799.137,589.000,128279.000,74944.000
1692032799.137,589.000,128308.000,74966.000
1692032799.244,588.000,128247.000,74964.000
1692032799.244,588.000,128274.000,74939.000
1692032799.244,589.000,128291.000,74949.000
1692032799.244,588.000,128235.000,74937.000
1692032799.244,589.000,128275.000,74925.000
1692032799.244,589.000,128223.000,74939.000
1692032799.318,590.000,128269.000,74936.000
1692032799.318,589.000,128295.000,74912.000
1692032799.318,590.000,128288.000,74946.000
1692032799.318,589.000,128262.000,74913.000
1692032799.318,590.000,128304.000,74949.000
1692032799.318,589.000,128295.000,74943.000
1692032799.420,590.000,128356.000,74900.000
1692032799.420,589.000,128320.000,74946.000
1692032799.420,589.000,128338.000,74904.000
1692032799.420,589.000,128310.000,74956.000
1692032799.420,590.000,128350.000,74949.000
1692032799.420,589.000,128382.000,74966.000
1692032799.513,590.000,128367.000,74973.000
1692032799.513,590.000,128377.000,74945.000
1692032799.513,589.000,128386.000,74969.000
1692032799.513,589.000,128408.000,74991.000
1692032799.513,589.000,128444.000,74990.000
1692032799.513,590.000,128502.000,74991.000
1692032799.615,589.000,128520.000,74987.000
1692032799.615,589.000,128533.000,74987.000
1692032799.615,589.000,128521.000,74995.000
1692032799.615,590.000,128557.000,74997.000
1692032799.615,590.000,128613.000,75017.000
1692032799.615,590.000,128616.000,75015.000
1692032799.707,591.000,128629.000,74998.000
1692032799.707,589.000,128643.000,75030.000
1692032799.707,590.000,128611.000,75048.000
1692032799.707,591.000,128645.000,75038.000
1692032799.707,590.000,128640.000,75056.000
1692032799.707,591.000,128549.000,75006.000
1692032799.797,603.000,128599.000,74979.000
1692032799.797,613.000,128499.000,75002.000
1692032799.797,614.000,128454.000,74994.000
1692032799.797,613.000,128441.000,74979.000
1692032799.797,615.000,128459.000,74961.000
1692032799.797,613.000,128411.000,74960.000
1692032799.899,614.000,128437.000,74901.000
1692032799.899,614.000,128427.000,74929.000
1692032799.899,616.000,128359.000,74929.000
1692032799.899,615.000,128364.000,74864.000
1692032799.899,613.000,128329.000,74908.000
1692032799.899,614.000,128304.000,74918.000
1692032799.990,615.000,128299.000,74903.000
1692032799.990,614.000,128262.000,74888.000
1692032799.990,614.000,128299.000,74875.000
1692032799.990,614.000,128334.000,74853.000
1692032799.990,614.000,128219.000,74862.000
1692032799.990,615.000,128260.000,74827.000
1692032800.082,615.000,128273.000,74836.000
1692032800.082,615.000,128254.000,74827.000
1692032800.082,615.000,128249.000,74830.000
1692032800.082,613.000,128209.000,74851.000
1692032800.082,614.000,128252.000,74808.000
1692032800.082,615.000,128283.000,74847.000
1692032800.172,615.000,128305.000,74794.000
1692032800.172,613.000,128303.000,74838.000
1692032800.172,613.000,128369.000,74867.000
1692032800.172,614.000,128290.000,74840.000
1692032800.172,614.000,128359.000,74855.000
1692032800.172,614.000,128342.000,74873.000
1692032800.264,614.000,128398.000,74881.000
1692032800.264,612.000,128375.000,74850.000
1692032800.264,614.000,128391.000,74881.000
1692032800.264,613.000,128404.000,74896.000
1692032800.264,612.000,128443.000,74897.000
1692032800.264,613.000,128437.000,74902.000
1692032800.365,615.000,128539.000,74924.000
1692032800.365,612.000,128460.000,74906.000
1692032800.365,611.000,128520.000,74913.000
1692032800.365,614.000,128546.000,74940.000
1692032800.365,614.000,128572.000,74908.000
1692032800.365,594.000,128585.000,74958.000
1692032800.457,589.000,128653.000,74929.000
1692032800.457,588.000,128658.000,74963.000
1692032800.457,590.000,128628.000,74958.000
1692032800.457,591.000,128610.000,74974.000
1692032800.457,590.000,128700.000,74984.000
1692032800.457,590.000,128738.000,74991.000
1692032800.549,588.000,128673.000,74976.000
1692032800.549,588.000,128637.000,74966.000
1692032800.549,590.000,128650.000,74958.000
1692032800.549,588.000,128593.000,74908.000
1692032800.549,589.000,128587.000,74938.000
1692032800.549,589.000,128608.000,74935.000
1692032800.637,590.000,128570.000,74939.000
1692032800.637,589.000,128507.000,74915.000
1692032800.637,589.000,128573.000,74898.000
1692032800.637,590.000,128529.000,74898.000
1692032800.637,590.000,128491.000,74883.000
1692032800.637,590.000,128488.000,74895.000
1692032800.740,590.000,128457.000,74884.000
1692032800.740,590.000,128376.000,74887.000
1692032800.740,590.000,128392.000,74826.000
1692032800.740,589.000,128460.000,74861.000
1692032800.740,590.000,128456.000,74839.000
1692032800.740,590.000,128390.000,74836.000
1692032800.833,589.000,128497.000,74851.000
1692032800.833,590.000,128416.000,74831.000
1692032800.833,590.000,128520.000,74854.000
1692032800.833,590.000,128442.000,74856.000
1692032800.833,589.000,128451.000,74868.000
1692032800.833,590.000,128444.000,74849.000
1692032800.923,589.000,128466.000,74819.000
1692032800.923,589.000,128467.000,74841.000
1692032800.923,590.000,128474.000,74854.000
1692032800.923,592.000,128502.000,74831.000
1692032800.923,592.000,128519.000,74849.000
1692032800.923,594.000,128509.000,74853.000
1692032801.012,596.000,128509.000,74845.000
1692032801.012,596.000,128560.000,74880.000
1692032801.012,598.000,128548.000,74862.000
1692032801.012,602.000,128521.000,74862.000
1692032801.012,603.000,128561.000,74890.000
1692032801.012,600.000,128601.000,74860.000
1692032801.117,602.000,128582.000,74884.000
1692032801.117,602.000,128622.000,74888.000
1692032801.117,603.000,128610.000,74929.000
1692032801.117,602.000,128642.000,74932.000
1692032801.117,603.000,128631.000,74919.000
1692032801.117,601.000,128705.000,74894.000
1692032801.207,603.000,128698.000,74955.000
1692032801.207,603.000,128774.000,74928.000
1692032801.207,603.000,128709.000,74941.000
1692032801.207,602.000,128739.000,74968.000
1692032801.207,601.000,128794.000,74954.000
1692032801.207,602.000,128789.000,74957.000
1692032801.297,601.000,128847.000,74959.000
1692032801.297,604.000,128859.000,74971.000
1692032801.297,601.000,128887.000,74978.000
1692032801.297,602.000,128840.000,74990.000
1692032801.297,602.000,128896.000,75007.000
1692032801.297,603.000,128892.000,74982.000
1692032801.388,604.000,128885.000,74956.000
1692032801.388,604.000,128861.000,74964.000
1692032801.388,604.000,128794.000,74918.000
1692032801.388,603.000,128779.000,74933.000
1692032801.388,602.000,128779.000,74927.000
1692032801.388,603.000,128776.000,74913.000
1692032801.474,603.000,128746.000,74934.000
1692032801.474,604.000,128692.000,74925.000
1692032801.474,603.000,128722.000,74885.000
1692032801.474,602.000,128731.000,74861.000
1692032801.474,605.000,128708.000,74911.000
1692032801.474,602.000,128679.000,74888.000
1692032801.579,603.000,128638.000,74878.000
1692032801.579,603.000,128695.000,74905.000
1692032801.579,602.000,128691.000,74882.000
1692032801.579,602.000,128684.000,74886.000
1692032801.579,602.000,128629.000,74883.000
1692032801.579,600.000,128642.000,74887.000
1692032801.669,602.000,128629.000,74900.000
1692032801.669,602.000,128676.000,74877.000
1692032801.669,601.000,128652.000,74890.000
1692032801.669,603.000,128680.000,74882.000
1692032801.669,601.000,128659.000,74904.000
1692032801.669,602.000,128641.000,74878.000
1692032801.759,603.000,128651.000,74877.000
1692032801.759,602.000,128660.000,74911.000
1692032801.759,602.000,128720.000,74879.000
1692032801.759,602.000,128644.000,74888.000
1692032801.759,602.000,128699.000,74903.000
1692032801.759,602.000,128672.000,74893.000
1692032801.849,602.000,128746.000,74906.000
1692032801.849,602.000,128712.000,74901.000
1692032801.849,603.000,128711.000,74901.000
1692032801.849,603.000,128727.000,74894.000
1692032801.849,603.000,128737.000,74899.000
1692032801.849,602.000,128794.000,74907.000
1692032801.955,601.000,128847.000,74920.000
1692032801.955,603.000,128815.000,74941.000
1692032801.955,604.000,128789.000,74936.000
1692032801.955,603.000,128867.000,74956.000
1692032801.955,602.000,128911.000,74937.000
1692032801.955,601.000,128863.000,74957.000
1692032802.060,601.000,128849.000,74960.000
1692032802.060,601.000,128952.000,74946.000
1692032802.060,603.000,128989.000,74932.000
1692032802.060,603.000,128967.000,74973.000
1692032802.060,603.000,128998.000,74985.000
1692032802.060,604.000,128967.000,75000.000
1692032802.141,604.000,128978.000,74955.000
1692032802.141,603.000,128929.000,74986.000
1692032802.141,602.000,128892.000,74945.000
1692032802.141,602.000,128851.000,74921.000
1692032802.141,602.000,128840.000,74923.000
1692032802.141,602.000,128873.000,74906.000
1692032802.224,603.000,128821.000,74884.000
1692032802.224,604.000,128772.000,74876.000
1692032802.224,602.000,128794.000,74909.000
1692032802.224,603.000,128762.000,74862.000
1692032802.224,602.000,128688.000,74863.000
1692032802.224,603.000,128725.000,74824.000
1692032802.332,602.000,128715.000,74850.000
1692032802.332,602.000,128638.000,74871.000
1692032802.332,602.000,128630.000,74819.000
1692032802.332,601.000,128604.000,74836.000
1692032802.332,601.000,128621.000,74830.000
1692032802.332,600.000,128666.000,74832.000
1692032802.419,602.000,128639.000,74791.000
1692032802.419,600.000,128672.000,74824.000
1692032802.419,600.000,128602.000,74832.000
1692032802.419,603.000,128622.000,74819.000
1692032802.419,602.000,128615.000,74830.000
1692032802.419,603.000,128605.000,74806.000
1692032802.509,603.000,128546.000,74854.000
1692032802.509,602.000,128641.000,74786.000
1692032802.509,603.000,128638.000,74832.000
1692032802.509,601.000,128585.000,74840.000
1692032802.509,601.000,128594.000,74822.000
1692032802.509,602.000,128603.000,74821.000
1692032802.599,602.000,128623.000,74827.000
1692032802.599,604.000,128698.000,74823.000
1692032802.599,602.000,128653.000,74821.000
1692032802.599,601.000,128645.000,74818.000
1692032802.599,602.000,128675.000,74840.000
1692032802.599,600.000,128644.000,74823.000
1692032802.704,602.000,128651.000,74847.000
1692032802.704,601.000,128607.000,74828.000
1692032802.704,602.000,128707.000,74843.000
1692032802.704,602.000,128717.000,74828.000
1692032802.704,602.000,128777.000,74877.000
1692032802.704,602.000,128734.000,74830.000
1692032802.824,601.000,128740.000,74840.000
1692032802.824,601.000,128798.000,74878.000
1692032802.824,602.000,128801.000,74852.000
1692032802.824,603.000,128838.000,74846.000
1692032802.824,603.000,128838.000,74883.000
1692032802.824,604.000,128851.000,74876.000
1692032802.886,602.000,128883.000,74911.000
1692032802.886,601.000,128856.000,74888.000
1692032802.886,603.000,128934.000,74885.000
1692032802.886,602.000,128933.000,74931.000
1692032802.886,603.000,128920.000,74921.000
1692032802.886,602.000,128891.000,74916.000
1692032802.974,602.000,128843.000,74880.000
1692032802.974,602.000,128882.000,74853.000
1692032802.974,601.000,128834.000,74827.000
1692032802.974,601.000,128801.000,74872.000
1692032802.974,601.000,128694.000,74846.000
1692032802.974,601.000,128691.000,74788.000
1692032803.079,600.000,128737.000,74806.000
1692032803.079,602.000,128659.000,74823.000
1692032803.079,603.000,128646.000,74802.000
1692032803.079,602.000,128637.000,74765.000
1692032803.079,601.000,128590.000,74773.000
1692032803.079,601.000,128522.000,74759.000
1692032803.169,601.000,128596.000,74774.000
1692032803.169,601.000,128452.000,74768.000
1692032803.169,604.000,128474.000,74739.000
1692032803.169,614.000,128526.000,74727.000
1692032803.169,615.000,128510.000,74751.000
1692032803.169,616.000,128515.000,74743.000
1692032803.260,616.000,128438.000,74736.000
1692032803.260,615.000,128478.000,74711.000
1692032803.260,614.000,128476.000,74720.000
1692032803.260,614.000,128423.000,74718.000
1692032803.260,613.000,128482.000,74708.000
1692032803.260,614.000,128406.000,74721.000
1692032803.349,613.000,128436.000,74714.000
1692032803.349,614.000,128439.000,74733.000
1692032803.349,613.000,128472.000,74725.000
1692032803.349,614.000,128503.000,74708.000
1692032803.349,614.000,128497.000,74709.000
1692032803.349,615.000,128487.000,74720.000
1692032803.443,615.000,128514.000,74742.000
1692032803.443,616.000,128538.000,74727.000
1692032803.443,614.000,128569.000,74753.000
1692032803.443,613.000,128552.000,74738.000
1692032803.443,616.000,128606.000,74765.000
1692032803.443,616.000,128593.000,74779.000
1692032803.547,617.000,128605.000,74766.000
1692032803.547,616.000,128652.000,74790.000
1692032803.547,613.000,128640.000,74768.000
1692032803.547,613.000,128638.000,74747.000
1692032803.547,612.000,128666.000,74815.000
1692032803.547,614.000,128693.000,74779.000
1692032803.639,612.000,128731.000,74785.000
1692032803.639,613.000,128705.000,74850.000
1692032803.639,613.000,128758.000,74820.000
1692032803.639,612.000,128806.000,74817.000
1692032803.639,612.000,128824.000,74866.000
1692032803.639,613.000,128815.000,74862.000
1692032803.727,613.000,128758.000,74851.000
1692032803.727,612.000,128798.000,74865.000
1692032803.727,613.000,128790.000,74809.000
1692032803.727,614.000,128775.000,74835.000
1692032803.727,613.000,128747.000,74815.000
1692032803.727,613.000,128738.000,74791.000
1692032803.830,613.000,128671.000,74792.000
1692032803.830,612.000,128678.000,74784.000
1692032803.830,612.000,128625.000,74775.000
1692032803.830,613.000,128618.000,74759.000
1692032803.830,613.000,128631.000,74751.000
1692032803.830,612.000,128620.000,74749.000
1692032803.923,611.000,128500.000,74754.000
1692032803.923,611.000,128546.000,74722.000
1692032803.923,611.000,128524.000,74702.000
1692032803.923,613.000,128479.000,74717.000
1692032803.923,612.000,128477.000,74712.000
1692032803.923,612.000,128509.000,74708.000
1692032804.012,613.000,128401.000,74689.000
1692032804.012,613.000,128470.000,74726.000
1692032804.012,613.000,128403.000,74686.000
1692032804.012,614.000,128452.000,74730.000
1692032804.012,612.000,128499.000,74674.000
1692032804.012,614.000,128419.000,74688.000
1692032804.102,615.000,128408.000,74679.000
1692032804.102,612.000,128493.000,74686.000
1692032804.102,613.000,128443.000,74674.000
1692032804.102,614.000,128464.000,74684.000
1692032804.102,614.000,128473.000,74691.000
1692032804.102,611.000,128434.000,74701.000
1692032804.205,612.000,128487.000,74713.000
1692032804.205,613.000,128498.000,74720.000
1692032804.205,613.000,128537.000,74685.000
1692032804.205,614.000,128519.000,74698.000
1692032804.205,614.000,128501.000,74719.000
1692032804.205,614.000,128573.000,74682.000
1692032804.296,615.000,128591.000,74665.000
1692032804.296,614.000,128614.000,74714.000
1692032804.296,615.000,128605.000,74692.000
1692032804.296,614.000,128565.000,74748.000
1692032804.296,614.000,128606.000,74723.000
1692032804.296,613.000,128656.000,74700.000
1692032804.387,613.000,128674.000,74738.000
1692032804.387,615.000,128670.000,74769.000
1692032804.387,615.000,128692.000,74752.000
1692032804.387,613.000,128695.000,74755.000
1692032804.387,613.000,128755.000,74757.000
1692032804.387,615.000,128738.000,74766.000
1692032804.479,615.000,128773.000,74735.000
1692032804.479,613.000,128770.000,74780.000
1692032804.479,614.000,128794.000,74769.000
1692032804.479,615.000,128776.000,74758.000
1692032804.479,612.000,128781.000,74758.000
1692032804.479,615.000,128680.000,74749.000
1692032804.579,614.000,128690.000,74728.000
1692032804.579,613.000,128643.000,74702.000
1692032804.579,611.000,128652.000,74699.000
1692032804.579,612.000,128637.000,74669.000
1692032804.579,612.000,128602.000,74646.000
1692032804.579,613.000,128560.000,74701.000
1692032804.671,612.000,128580.000,74658.000
1692032804.671,612.000,128537.000,74654.000
1692032804.671,612.000,128540.000,74670.000
1692032804.671,612.000,128512.000,74655.000
1692032804.671,611.000,128477.000,74625.000
1692032804.671,612.000,128509.000,74599.000
1692032804.775,611.000,128522.000,74585.000
1692032804.775,611.000,128466.000,74610.000
1692032804.775,611.000,128423.000,74614.000
1692032804.775,612.000,128449.000,74564.000
1692032804.775,610.000,128385.000,74620.000
1692032804.775,612.000,128445.000,74587.000
1692032804.852,612.000,128468.000,74589.000
1692032804.852,612.000,128425.000,74604.000
1692032804.852,611.000,128424.000,74594.000
1692032804.852,612.000,128425.000,74558.000
1692032804.852,611.000,128446.000,74577.000
1692032804.852,611.000,128430.000,74560.000
1692032804.944,612.000,128447.000,74603.000
1692032804.944,613.000,128454.000,74573.000
1692032804.944,611.000,128464.000,74558.000
1692032804.944,611.000,128466.000,74552.000
1692032804.944,612.000,128418.000,74591.000
1692032804.944,611.000,128480.000,74576.000
1692032805.062,610.000,128472.000,74589.000
1692032805.062,611.000,128507.000,74551.000
1692032805.062,611.000,128519.000,74559.000
1692032805.062,612.000,128506.000,74569.000
1692032805.062,611.000,128488.000,74594.000
1692032805.062,611.000,128584.000,74563.000
1692032805.137,612.000,128592.000,74603.000
1692032805.137,612.000,128564.000,74599.000
1692032805.137,611.000,128594.000,74591.000
1692032805.137,610.000,128599.000,74621.000
1692032805.137,610.000,128682.000,74609.000
1692032805.137,610.000,128690.000,74639.000
1692032805.227,611.000,128729.000,74628.000
1692032805.227,611.000,128689.000,74618.000
1692032805.227,611.000,128735.000,74639.000
1692032805.227,611.000,128673.000,74635.000
1692032805.227,612.000,128641.000,74628.000
1692032805.227,612.000,128630.000,74612.000
1692032805.321,612.000,128634.000,74581.000
1692032805.321,612.000,128523.000,74572.000
1692032805.321,611.000,128538.000,74569.000
1692032805.321,612.000,128519.000,74559.000
1692032805.321,612.000,128499.000,74546.000
1692032805.321,612.000,128459.000,74512.000
1692032805.422,611.000,128460.000,74528.000
1692032805.422,612.000,128422.000,74506.000
1692032805.422,612.000,128385.000,74479.000
1692032805.422,612.000,128385.000,74484.000
1692032805.422,613.000,128393.000,74467.000
1692032805.422,611.000,128350.000,74481.000
1692032805.509,613.000,128399.000,74448.000
1692032805.509,612.000,128341.000,74471.000
1692032805.509,611.000,128416.000,74480.000
1692032805.509,613.000,128362.000,74458.000
1692032805.509,611.000,128397.000,74459.000
1692032805.509,612.000,128410.000,74442.000
1692032805.600,611.000,128378.000,74456.000
1692032805.600,613.000,128377.000,74449.000
1692032805.600,613.000,128355.000,74465.000
1692032805.600,611.000,128375.000,74490.000
1692032805.600,613.000,128390.000,74498.000
1692032805.600,612.000,128347.000,74451.000
1692032805.704,613.000,128389.000,74435.000
1692032805.704,613.000,128391.000,74472.000
1692032805.704,613.000,128391.000,74479.000
1692032805.704,613.000,128468.000,74468.000
1692032805.704,613.000,128427.000,74467.000
1692032805.704,612.000,128416.000,74463.000
1692032805.794,613.000,128463.000,74528.000
1692032805.794,612.000,128406.000,74472.000
1692032805.794,611.000,128439.000,74464.000
1692032805.794,612.000,128508.000,74465.000
1692032805.794,612.000,128515.000,74463.000
1692032805.794,614.000,128509.000,74485.000
1692032805.884,615.000,128572.000,74502.000
1692032805.884,611.000,128563.000,74508.000
1692032805.884,613.000,128524.000,74509.000
1692032805.884,613.000,128584.000,74497.000
1692032805.884,612.000,128610.000,74500.000
1692032805.884,613.000,128615.000,74536.000
1692032805.990,613.000,128594.000,74558.000
1692032805.990,616.000,128653.000,74541.000
1692032805.990,613.000,128688.000,74533.000
1692032805.990,615.000,128660.000,74548.000
1692032805.990,615.000,128670.000,74540.000
1692032805.990,614.000,128685.000,74512.000
1692032806.067,613.000,128609.000,74520.000
1692032806.067,614.000,128540.000,74495.000
1692032806.067,613.000,128536.000,74503.000
1692032806.067,614.000,128504.000,74496.000
1692032806.067,611.000,128552.000,74486.000
1692032806.067,612.000,128521.000,74466.000
1692032806.161,613.000,128514.000,74479.000
1692032806.161,612.000,128467.000,74442.000
1692032806.161,613.000,128440.000,74441.000
1692032806.161,612.000,128418.000,74480.000
1692032806.161,614.000,128389.000,74446.000
1692032806.161,611.000,128362.000,74431.000
1692032806.259,612.000,128374.000,74425.000
1692032806.259,613.000,128394.000,74398.000
1692032806.259,612.000,128365.000,74423.000
1692032806.259,614.000,128325.000,74439.000
1692032806.259,614.000,128369.000,74417.000
1692032806.259,612.000,128299.000,74405.000
1692032806.350,613.000,128348.000,74391.000
1692032806.350,614.000,128327.000,74400.000
1692032806.350,613.000,128337.000,74399.000
1692032806.350,612.000,128324.000,74408.000
1692032806.350,614.000,128331.000,74401.000
1692032806.350,614.000,128311.000,74413.000
1692032806.454,613.000,128330.000,74427.000
1692032806.454,613.000,128292.000,74434.000
1692032806.454,612.000,128346.000,74415.000
1692032806.454,612.000,128391.000,74412.000
1692032806.454,613.000,128404.000,74434.000
1692032806.454,612.000,128336.000,74429.000
1692032806.544,612.000,128339.000,74417.000
1692032806.544,612.000,128437.000,74413.000
1692032806.544,613.000,128427.000,74429.000
1692032806.544,612.000,128415.000,74445.000
1692032806.544,614.000,128383.000,74458.000
1692032806.544,612.000,128431.000,74465.000
1692032806.635,612.000,128483.000,74463.000
1692032806.635,612.000,128485.000,74433.000
1692032806.635,613.000,128520.000,74482.000
1692032806.635,612.000,128509.000,74495.000
1692032806.635,613.000,128555.000,74481.000
1692032806.635,612.000,128589.000,74522.000
1692032806.724,613.000,128588.000,74526.000
1692032806.724,613.000,128639.000,74516.000
1692032806.724,612.000,128602.000,74534.000
1692032806.724,613.000,128672.000,74529.000
1692032806.724,614.000,128660.000,74562.000
1692032806.724,614.000,128678.000,74548.000
1692032806.829,613.000,128690.000,74552.000
1692032806.829,613.000,128668.000,74512.000
1692032806.829,613.000,128620.000,74502.000
1692032806.829,613.000,128575.000,74511.000
1692032806.829,614.000,128554.000,74462.000
1692032806.829,614.000,128551.000,74481.000
1692032806.934,612.000,128516.000,74489.000
1692032806.934,614.000,128499.000,74503.000
1692032806.934,613.000,128449.000,74474.000
1692032806.934,613.000,128415.000,74463.000
1692032806.934,611.000,128442.000,74449.000
1692032806.934,613.000,128416.000,74448.000
1692032807.024,612.000,128410.000,74441.000
1692032807.024,611.000,128409.000,74437.000
1692032807.024,611.000,128366.000,74450.000
1692032807.024,613.000,128346.000,74444.000
1692032807.024,613.000,128396.000,74431.000
1692032807.024,612.000,128353.000,74458.000
1692032807.100,612.000,128325.000,74418.000
1692032807.100,611.000,128322.000,74409.000
1692032807.100,612.000,128269.000,74422.000
1692032807.100,612.000,128320.000,74424.000
1692032807.100,611.000,128357.000,74422.000
1692032807.100,612.000,128300.000,74421.000
1692032807.204,613.000,128310.000,74410.000
1692032807.204,613.000,128377.000,74416.000
1692032807.204,614.000,128346.000,74432.000
1692032807.204,611.000,128321.000,74425.000
1692032807.204,610.000,128365.000,74426.000
1692032807.204,612.000,128369.000,74433.000
1692032807.294,611.000,128373.000,74485.000
1692032807.294,612.000,128371.000,74431.000
1692032807.294,613.000,128423.000,74461.000
1692032807.294,612.000,128401.000,74445.000
1692032807.294,613.000,128372.000,74490.000
1692032807.294,612.000,128475.000,74469.000
1692032807.385,613.000,128457.000,74491.000
1692032807.385,614.000,128428.000,74528.000
1692032807.385,612.000,128461.000,74518.000
1692032807.385,612.000,128562.000,74499.000
1692032807.385,613.000,128489.000,74523.000
1692032807.385,613.000,128560.000,74487.000
1692032807.474,613.000,128533.000,74504.000
1692032807.474,612.000,128587.000,74553.000
1692032807.474,613.000,128591.000,74528.000
1692032807.474,615.000,128604.000,74559.000
1692032807.474,613.000,128639.000,74547.000
1692032807.474,613.000,128695.000,74572.000
1692032807.582,613.000,128686.000,74564.000
1692032807.582,613.000,128637.000,74589.000
1692032807.582,613.000,128654.000,74551.000
1692032807.582,614.000,128619.000,74553.000
1692032807.582,613.000,128564.000,74535.000
1692032807.582,612.000,128541.000,74539.000
1692032807.659,613.000,128483.000,74539.000
1692032807.659,612.000,128497.000,74527.000
1692032807.659,611.000,128466.000,74513.000
1692032807.659,615.000,128447.000,74491.000
1692032807.659,613.000,128465.000,74518.000
1692032807.659,612.000,128359.000,74465.000
1692032807.761,613.000,128417.000,74444.000
1692032807.761,615.000,128358.000,74477.000
1692032807.761,612.000,128337.000,74449.000
1692032807.761,614.000,128373.000,74463.000
1692032807.761,613.000,128350.000,74436.000
1692032807.761,612.000,128267.000,74459.000
1692032807.865,614.000,128347.000,74487.000
1692032807.865,614.000,128330.000,74457.000
1692032807.865,611.000,128304.000,74484.000
1692032807.865,611.000,128346.000,74454.000
1692032807.865,611.000,128324.000,74468.000
1692032807.865,613.000,128296.000,74472.000
1692032807.942,612.000,128339.000,74468.000
1692032807.942,613.000,128290.000,74468.000
1692032807.942,611.000,128314.000,74475.000
1692032807.942,612.000,128347.000,74463.000
1692032807.942,612.000,128363.000,74497.000
1692032807.942,613.000,128354.000,74480.000
1692032808.044,612.000,128379.000,74479.000
1692032808.044,611.000,128362.000,74499.000
1692032808.044,613.000,128402.000,74504.000
1692032808.044,612.000,128398.000,74512.000
1692032808.044,613.000,128414.000,74532.000
1692032808.044,613.000,128418.000,74499.000
1692032808.134,613.000,128414.000,74560.000
1692032808.134,613.000,128428.000,74521.000
1692032808.134,613.000,128491.000,74545.000
1692032808.134,614.000,128483.000,74540.000
1692032808.134,613.000,128495.000,74543.000
1692032808.134,614.000,128520.000,74576.000
1692032808.226,614.000,128523.000,74560.000
1692032808.226,614.000,128596.000,74592.000
1692032808.226,614.000,128615.000,74595.000
1692032808.226,614.000,128599.000,74582.000
1692032808.226,614.000,128641.000,74594.000
1692032808.226,613.000,128659.000,74612.000
1692032808.317,613.000,128673.000,74631.000
1692032808.317,613.000,128608.000,74630.000
1692032808.317,613.000,128597.000,74609.000
1692032808.317,615.000,128558.000,74564.000
1692032808.317,614.000,128524.000,74584.000
1692032808.317,614.000,128496.000,74532.000
1692032808.419,614.000,128492.000,74562.000
1692032808.419,614.000,128439.000,74566.000
1692032808.419,614.000,128441.000,74526.000
1692032808.419,614.000,128399.000,74543.000
1692032808.419,614.000,128388.000,74530.000
1692032808.419,614.000,128375.000,74509.000
1692032808.509,614.000,128358.000,74499.000
1692032808.509,613.000,128334.000,74498.000
1692032808.509,611.000,128337.000,74536.000
1692032808.509,614.000,128321.000,74490.000
1692032808.509,612.000,128261.000,74515.000
1692032808.509,613.000,128342.000,74504.000
1692032808.602,613.000,128294.000,74486.000
1692032808.602,613.000,128295.000,74534.000
1692032808.602,614.000,128317.000,74501.000
1692032808.602,613.000,128309.000,74475.000
1692032808.602,612.000,128286.000,74501.000
1692032808.602,613.000,128269.000,74499.000
1692032808.692,611.000,128294.000,74530.000
1692032808.692,612.000,128301.000,74499.000
1692032808.692,613.000,128320.000,74473.000
1692032808.692,613.000,128357.000,74508.000
1692032808.692,612.000,128319.000,74539.000
1692032808.692,614.000,128341.000,74515.000
1692032808.812,612.000,128362.000,74532.000
1692032808.812,613.000,128369.000,74527.000
1692032808.812,614.000,128436.000,74526.000
1692032808.812,614.000,128392.000,74521.000
1692032808.812,614.000,128444.000,74549.000
1692032808.812,612.000,128412.000,74527.000
1692032808.885,615.000,128423.000,74540.000
1692032808.885,613.000,128421.000,74571.000
1692032808.885,615.000,128508.000,74566.000
1692032808.885,615.000,128454.000,74595.000
1692032808.885,613.000,128512.000,74604.000
1692032808.885,613.000,128550.000,74571.000
1692032808.976,612.000,128585.000,74565.000
1692032808.976,612.000,128590.000,74597.000
1692032808.976,612.000,128618.000,74596.000
1692032808.976,612.000,128608.000,74622.000
1692032808.976,612.000,128641.000,74627.000
1692032808.976,612.000,128660.000,74620.000
1692032809.069,613.000,128688.000,74644.000
1692032809.069,613.000,128641.000,74616.000
1692032809.069,612.000,128656.000,74603.000
1692032809.069,613.000,128566.000,74613.000
1692032809.069,613.000,128571.000,74602.000
1692032809.069,613.000,128542.000,74583.000
1692032809.169,615.000,128581.000,74595.000
1692032809.169,616.000,128485.000,74580.000
1692032809.169,612.000,128513.000,74607.000
1692032809.169,613.000,128447.000,74578.000
1692032809.169,614.000,128439.000,74562.000
1692032809.169,612.000,128434.000,74554.000
1692032809.260,614.000,128447.000,74577.000
1692032809.260,615.000,128374.000,74526.000
1692032809.260,613.000,128384.000,74527.000
1692032809.260,614.000,128328.000,74561.000
1692032809.260,615.000,128418.000,74561.000
1692032809.260,614.000,128361.000,74557.000
1692032809.357,614.000,128340.000,74513.000
1692032809.357,613.000,128402.000,74542.000
1692032809.357,615.000,128369.000,74551.000
1692032809.357,613.000,128371.000,74526.000
1692032809.357,613.000,128365.000,74543.000
1692032809.357,613.000,128427.000,74543.000
1692032809.443,612.000,128415.000,74523.000
1692032809.443,613.000,128436.000,74551.000
1692032809.443,615.000,128419.000,74555.000
1692032809.443,613.000,128413.000,74566.000
1692032809.443,615.000,128433.000,74564.000
1692032809.443,615.000,128463.000,74523.000
1692032809.547,612.000,128499.000,74580.000
1692032809.547,613.000,128507.000,74580.000
1692032809.547,613.000,128524.000,74585.000
1692032809.547,612.000,128509.000,74556.000
1692032809.547,615.000,128499.000,74570.000
1692032809.547,613.000,128566.000,74600.000
1692032809.638,614.000,128598.000,74607.000
1692032809.638,615.000,128591.000,74591.000
1692032809.638,616.000,128597.000,74604.000
1692032809.638,614.000,128606.000,74569.000
1692032809.638,615.000,128623.000,74631.000
1692032809.638,614.000,128692.000,74622.000
1692032809.755,615.000,128714.000,74660.000
1692032809.755,614.000,128689.000,74678.000
1692032809.755,614.000,128726.000,74654.000
1692032809.755,615.000,128715.000,74685.000
1692032809.755,613.000,128718.000,74665.000
1692032809.755,616.000,128764.000,74689.000
1692032809.832,615.000,128738.000,74676.000
1692032809.832,614.000,128716.000,74629.000
1692032809.832,615.000,128696.000,74622.000
1692032809.832,614.000,128684.000,74620.000
1692032809.832,616.000,128699.000,74613.000
1692032809.832,615.000,128632.000,74639.000
1692032809.922,615.000,128654.000,74576.000
1692032809.922,615.000,128605.000,74627.000
1692032809.922,615.000,128595.000,74601.000
1692032809.922,615.000,128599.000,74581.000
1692032809.922,614.000,128567.000,74592.000
1692032809.922,615.000,128587.000,74599.000
1692032810.012,614.000,128567.000,74523.000
1692032810.012,613.000,128604.000,74589.000
1692032810.012,613.000,128575.000,74585.000
1692032810.012,614.000,128572.000,74551.000
1692032810.012,612.000,128567.000,74568.000
1692032810.012,614.000,128568.000,74587.000
1692032810.099,615.000,128555.000,74592.000
1692032810.099,613.000,128531.000,74546.000
1692032810.099,614.000,128548.000,74584.000
1692032810.099,614.000,128558.000,74561.000
1692032810.099,613.000,128536.000,74600.000
1692032810.099,614.000,128524.000,74610.000
1692032810.190,613.000,128609.000,74573.000
1692032810.190,612.000,128572.000,74580.000
1692032810.190,614.000,128602.000,74588.000
1692032810.190,614.000,128569.000,74580.000
1692032810.190,615.000,128601.000,74546.000
1692032810.190,614.000,128598.000,74601.000
1692032810.294,614.000,128592.000,74591.000
1692032810.294,615.000,128659.000,74596.000
1692032810.294,615.000,128636.000,74610.000
1692032810.294,616.000,128643.000,74584.000
1692032810.294,616.000,128689.000,74587.000
1692032810.294,615.000,128632.000,74597.000
1692032810.384,614.000,128707.000,74573.000
1692032810.384,614.000,128766.000,74645.000
1692032810.384,613.000,128717.000,74651.000
1692032810.384,615.000,128726.000,74633.000
1692032810.384,614.000,128752.000,74664.000
1692032810.384,614.000,128787.000,74605.000
1692032810.475,615.000,128878.000,74683.000
1692032810.475,613.000,128806.000,74662.000
1692032810.475,615.000,128854.000,74659.000
1692032810.475,616.000,128900.000,74676.000
1692032810.475,615.000,128886.000,74680.000
1692032810.475,615.000,128903.000,74671.000
1692032810.579,616.000,128852.000,74665.000
1692032810.579,616.000,128809.000,74616.000
1692032810.579,617.000,128770.000,74618.000
1692032810.579,617.000,128730.000,74614.000
1692032810.579,616.000,128759.000,74598.000
1692032810.579,617.000,128778.000,74569.000
1692032810.684,615.000,128750.000,74602.000
1692032810.684,616.000,128706.000,74559.000
1692032810.684,616.000,128674.000,74574.000
1692032810.684,616.000,128584.000,74561.000
1692032810.684,616.000,128617.000,74558.000
1692032810.684,615.000,128608.000,74533.000
1692032810.760,615.000,128621.000,74503.000
1692032810.760,617.000,128619.000,74543.000
1692032810.760,614.000,128616.000,74515.000
1692032810.760,617.000,128632.000,74549.000
1692032810.760,617.000,128614.000,74566.000
1692032810.760,616.000,128577.000,74520.000
1692032810.896,614.000,128577.000,74510.000
1692032810.896,614.000,128574.000,74528.000
1692032810.896,615.000,128581.000,74508.000
1692032810.896,616.000,128547.000,74486.000
1692032810.896,615.000,128545.000,74497.000
1692032810.896,617.000,128525.000,74508.000
1692032810.954,615.000,128562.000,74491.000
1692032810.954,616.000,128553.000,74504.000
1692032810.954,616.000,128528.000,74478.000
1692032810.954,616.000,128571.000,74472.000
1692032810.954,614.000,128520.000,74519.000
1692032810.954,616.000,128577.000,74497.000
1692032811.044,615.000,128586.000,74518.000
1692032811.044,614.000,128607.000,74478.000
1692032811.044,617.000,128620.000,74508.000
1692032811.044,616.000,128578.000,74528.000
1692032811.044,616.000,128637.000,74499.000
1692032811.044,616.000,128586.000,74522.000
1692032811.134,616.000,128640.000,74527.000
1692032811.134,616.000,128666.000,74526.000
1692032811.134,614.000,128638.000,74538.000
1692032811.134,615.000,128677.000,74548.000
1692032811.134,616.000,128674.000,74534.000
1692032811.134,616.000,128700.000,74522.000
1692032811.225,615.000,128734.000,74540.000
1692032811.225,614.000,128682.000,74556.000
1692032811.225,617.000,128802.000,74560.000
1692032811.225,616.000,128804.000,74578.000
1692032811.225,616.000,128802.000,74543.000
1692032811.225,619.000,128764.000,74576.000
1692032811.329,617.000,128812.000,74579.000
1692032811.329,616.000,128806.000,74542.000
1692032811.329,617.000,128745.000,74541.000
1692032811.329,617.000,128709.000,74528.000
1692032811.329,615.000,128715.000,74486.000
1692032811.329,615.000,128649.000,74485.000
1692032811.419,617.000,128619.000,74472.000
1692032811.419,616.000,128623.000,74492.000
1692032811.419,615.000,128568.000,74463.000
1692032811.419,616.000,128511.000,74452.000
1692032811.419,616.000,128532.000,74483.000
1692032811.419,616.000,128427.000,74431.000
1692032811.511,616.000,128454.000,74419.000
1692032811.511,614.000,128442.000,74415.000
1692032811.511,614.000,128357.000,74416.000
1692032811.511,615.000,128398.000,74398.000
1692032811.511,615.000,128381.000,74390.000
1692032811.511,615.000,128321.000,74364.000
1692032811.599,615.000,128393.000,74365.000
1692032811.599,615.000,128268.000,74372.000
1692032811.599,616.000,128323.000,74343.000
1692032811.599,616.000,128287.000,74359.000
1692032811.599,615.000,128311.000,74360.000
1692032811.599,615.000,128264.000,74376.000
1692032811.691,616.000,128273.000,74360.000
1692032811.691,616.000,128275.000,74383.000
1692032811.691,614.000,128323.000,74350.000
1692032811.691,616.000,128263.000,74348.000
1692032811.691,615.000,128277.000,74341.000
1692032811.691,615.000,128269.000,74332.000
1692032811.794,616.000,128303.000,74351.000
1692032811.794,615.000,128306.000,74371.000
1692032811.794,614.000,128326.000,74378.000
1692032811.794,615.000,128306.000,74365.000
1692032811.794,615.000,128322.000,74377.000
1692032811.794,615.000,128344.000,74344.000
1692032811.884,614.000,128315.000,74386.000
1692032811.884,616.000,128371.000,74402.000
1692032811.884,618.000,128312.000,74410.000
1692032811.884,615.000,128407.000,74424.000
1692032811.884,616.000,128389.000,74417.000
1692032811.884,617.000,128421.000,74468.000
1692032811.974,616.000,128453.000,74438.000
1692032811.974,616.000,128456.000,74455.000
1692032811.974,616.000,128446.000,74434.000
1692032811.974,616.000,128473.000,74448.000
1692032811.974,616.000,128478.000,74440.000
1692032811.974,617.000,128453.000,74472.000
1692032812.065,618.000,128538.000,74450.000
1692032812.065,618.000,128528.000,74474.000
1692032812.065,617.000,128578.000,74476.000
1692032812.065,618.000,128537.000,74481.000
1692032812.065,618.000,128463.000,74473.000
1692032812.065,617.000,128456.000,74453.000
1692032812.169,617.000,128475.000,74420.000
1692032812.169,616.000,128404.000,74417.000
1692032812.169,616.000,128411.000,74409.000
1692032812.169,617.000,128372.000,74416.000
1692032812.169,618.000,128334.000,74385.000
1692032812.169,615.000,128252.000,74390.000
1692032812.259,614.000,128287.000,74349.000
1692032812.259,613.000,128196.000,74386.000
1692032812.259,616.000,128251.000,74355.000
1692032812.259,616.000,128165.000,74377.000
1692032812.259,615.000,128163.000,74334.000
1692032812.259,616.000,128110.000,74342.000
1692032812.349,614.000,128168.000,74323.000
1692032812.349,616.000,128145.000,74338.000
1692032812.349,615.000,128097.000,74363.000
1692032812.349,616.000,128107.000,74318.000
1692032812.349,615.000,128080.000,74321.000
1692032812.349,615.000,128099.000,74318.000
1692032812.455,616.000,128065.000,74344.000
1692032812.455,616.000,128075.000,74290.000
1692032812.455,613.000,128097.000,74351.000
1692032812.455,614.000,128121.000,74325.000
1692032812.455,615.000,128052.000,74322.000
1692032812.455,615.000,128093.000,74349.000
1692032812.544,614.000,128099.000,74331.000
1692032812.544,613.000,128083.000,74324.000
1692032812.544,615.000,128123.000,74360.000
1692032812.544,613.000,128073.000,74335.000
1692032812.544,612.000,128109.000,74361.000
1692032812.544,615.000,128138.000,74373.000
1692032812.634,611.000,128041.000,74349.000
1692032812.634,613.000,128132.000,74359.000
1692032812.634,616.000,128193.000,74392.000
1692032812.634,612.000,128118.000,74399.000
1692032812.634,614.000,128162.000,74394.000
1692032812.634,614.000,128255.000,74421.000
1692032812.724,615.000,128205.000,74411.000
1692032812.724,615.000,128222.000,74438.000
1692032812.724,615.000,128218.000,74449.000
1692032812.724,616.000,128238.000,74454.000
1692032812.724,615.000,128295.000,74461.000
1692032812.724,615.000,128299.000,74479.000
1692032812.816,615.000,128342.000,74472.000
1692032812.816,615.000,128322.000,74490.000
1692032812.816,616.000,128369.000,74465.000
1692032812.816,613.000,128328.000,74445.000
1692032812.816,614.000,128292.000,74473.000
1692032812.816,614.000,128265.000,74433.000
1692032812.919,613.000,128256.000,74404.000
1692032812.919,614.000,128154.000,74439.000
1692032812.919,613.000,128188.000,74392.000
1692032812.919,615.000,128131.000,74404.000
1692032812.919,613.000,128147.000,74396.000
1692032812.919,614.000,128055.000,74402.000
1692032813.009,613.000,127998.000,74371.000
1692032813.009,613.000,128033.000,74381.000
1692032813.009,615.000,128049.000,74354.000
1692032813.009,614.000,128002.000,74354.000
1692032813.009,613.000,127961.000,74340.000
1692032813.009,613.000,127900.000,74360.000
1692032813.099,616.000,127899.000,74357.000
1692032813.099,613.000,127917.000,74349.000
1692032813.099,613.000,127924.000,74332.000
1692032813.099,615.000,127894.000,74350.000
1692032813.099,615.000,127849.000,74338.000
1692032813.099,614.000,127925.000,74320.000
1692032813.189,613.000,127885.000,74341.000
1692032813.189,614.000,127884.000,74324.000
1692032813.189,613.000,127827.000,74325.000
1692032813.189,612.000,127887.000,74367.000
1692032813.189,613.000,127902.000,74345.000
1692032813.189,614.000,127913.000,74366.000
1692032813.294,612.000,127908.000,74398.000
1692032813.294,614.000,127896.000,74362.000
1692032813.294,614.000,127942.000,74365.000
1692032813.294,613.000,127918.000,74371.000
1692032813.294,613.000,127937.000,74367.000
1692032813.294,614.000,127942.000,74381.000
1692032813.385,613.000,128028.000,74424.000
1692032813.385,615.000,128026.000,74400.000
1692032813.385,614.000,128077.000,74427.000
1692032813.385,615.000,128027.000,74415.000
1692032813.385,615.000,128058.000,74450.000
1692032813.385,616.000,128160.000,74428.000
1692032813.477,615.000,128144.000,74475.000
1692032813.477,615.000,128144.000,74451.000
1692032813.477,615.000,128159.000,74444.000
1692032813.477,615.000,128190.000,74460.000
1692032813.477,615.000,128185.000,74479.000
1692032813.477,614.000,128220.000,74477.000
1692032813.579,614.000,128186.000,74496.000
1692032813.579,615.000,128268.000,74498.000
1692032813.579,615.000,128311.000,74537.000
1692032813.579,615.000,128271.000,74509.000
1692032813.579,615.000,128205.000,74472.000
1692032813.579,615.000,128213.000,74491.000
1692032813.669,615.000,128150.000,74484.000
1692032813.669,612.000,128147.000,74466.000
1692032813.669,615.000,128100.000,74438.000
1692032813.669,614.000,128114.000,74446.000
1692032813.669,614.000,128038.000,74477.000
1692032813.669,616.000,128052.000,74466.000
1692032813.761,613.000,128049.000,74445.000
1692032813.761,613.000,127985.000,74416.000
1692032813.761,614.000,127985.000,74424.000
1692032813.761,615.000,127965.000,74405.000
1692032813.761,613.000,127964.000,74437.000
1692032813.761,614.000,127947.000,74426.000
1692032813.853,614.000,127971.000,74445.000
1692032813.853,613.000,127950.000,74448.000
1692032813.853,613.000,127927.000,74397.000
1692032813.853,613.000,127940.000,74415.000
1692032813.853,614.000,127905.000,74423.000
1692032813.853,613.000,127869.000,74388.000
1692032813.943,614.000,127890.000,74428.000
1692032813.943,613.000,127934.000,74420.000
1692032813.943,614.000,127963.000,74436.000
1692032813.943,614.000,127984.000,74431.000
1692032813.943,614.000,127955.000,74417.000
1692032813.943,613.000,127934.000,74456.000
1692032814.035,616.000,127980.000,74416.000
1692032814.035,615.000,128002.000,74431.000
1692032814.035,614.000,128014.000,74458.000
1692032814.035,616.000,127996.000,74435.000
1692032814.035,618.000,128034.000,74454.000
1692032814.035,616.000,127973.000,74456.000
1692032814.138,617.000,128045.000,74446.000
1692032814.138,616.000,128062.000,74465.000
1692032814.138,616.000,128097.000,74473.000
1692032814.138,617.000,128119.000,74461.000
1692032814.138,615.000,128118.000,74494.000
1692032814.138,615.000,128177.000,74516.000
1692032814.224,617.000,128184.000,74491.000
1692032814.224,617.000,128158.000,74506.000
1692032814.224,615.000,128216.000,74556.000
1692032814.224,615.000,128251.000,74531.000
1692032814.224,616.000,128266.000,74553.000
1692032814.224,617.000,128216.000,74547.000
1692032814.314,615.000,128296.000,74535.000
1692032814.314,615.000,128372.000,74551.000
1692032814.314,614.000,128329.000,74584.000
1692032814.314,619.000,128278.000,74529.000
1692032814.314,615.000,128219.000,74553.000
1692032814.314,615.000,128251.000,74503.000
1692032814.420,618.000,128240.000,74480.000
1692032814.420,615.000,128165.000,74526.000
1692032814.420,617.000,128129.000,74528.000
1692032814.420,617.000,128197.000,74539.000
1692032814.420,616.000,128142.000,74488.000
1692032814.420,617.000,128149.000,74503.000
1692032814.509,616.000,128126.000,74532.000
1692032814.509,616.000,128123.000,74497.000
1692032814.509,616.000,128111.000,74467.000
1692032814.509,616.000,128058.000,74474.000
1692032814.509,616.000,128099.000,74457.000
1692032814.509,616.000,128095.000,74498.000
1692032814.599,617.000,128068.000,74503.000
1692032814.599,615.000,128101.000,74479.000
1692032814.599,616.000,128050.000,74468.000
1692032814.599,617.000,128039.000,74508.000
1692032814.599,616.000,128087.000,74495.000
1692032814.599,617.000,128085.000,74480.000
1692032814.704,616.000,128059.000,74474.000
1692032814.704,615.000,128091.000,74502.000
1692032814.704,615.000,128109.000,74499.000
1692032814.704,616.000,128102.000,74478.000
1692032814.704,615.000,128108.000,74458.000
1692032814.704,616.000,128086.000,74472.000
1692032814.827,615.000,128131.000,74455.000
1692032814.827,615.000,128069.000,74498.000
1692032814.827,618.000,128167.000,74508.000
1692032814.827,615.000,128135.000,74488.000
1692032814.827,617.000,128157.000,74517.000
1692032814.827,616.000,128191.000,74495.000
1692032814.884,616.000,128183.000,74547.000
1692032814.884,617.000,128224.000,74530.000
1692032814.884,619.000,128328.000,74553.000
1692032814.884,619.000,128273.000,74552.000
1692032814.884,620.000,128325.000,74536.000
1692032814.884,619.000,128284.000,74546.000
1692032814.989,620.000,128360.000,74560.000
1692032814.989,620.000,128329.000,74596.000
1692032814.989,620.000,128348.000,74626.000
1692032814.989,620.000,128403.000,74595.000
1692032814.989,619.000,128436.000,74617.000
1692032814.989,620.000,128436.000,74607.000
1692032815.064,621.000,128462.000,74633.000
1692032815.064,620.000,128462.000,74597.000
1692032815.064,620.000,128415.000,74601.000
1692032815.064,622.000,128365.000,74559.000
1692032815.064,619.000,128335.000,74555.000
1692032815.064,620.000,128346.000,74543.000
1692032815.169,621.000,128328.000,74549.000
1692032815.169,621.000,128334.000,74544.000
1692032815.169,620.000,128265.000,74508.000
1692032815.169,621.000,128273.000,74509.000
1692032815.169,621.000,128248.000,74540.000
1692032815.169,621.000,128225.000,74501.000
1692032815.275,619.000,128176.000,74532.000
1692032815.275,621.000,128159.000,74503.000
1692032815.275,620.000,128185.000,74514.000
1692032815.275,622.000,128222.000,74498.000
1692032815.275,621.000,128120.000,74549.000
1692032815.275,620.000,128183.000,74511.000
1692032815.350,620.000,128116.000,74501.000
1692032815.350,619.000,128166.000,74531.000
1692032815.350,621.000,128198.000,74491.000
1692032815.350,621.000,128162.000,74484.000
1692032815.350,621.000,128145.000,74500.000
1692032815.350,620.000,128120.000,74481.000
1692032815.439,620.000,128155.000,74494.000
1692032815.439,618.000,128144.000,74497.000
1692032815.439,618.000,128127.000,74509.000
1692032815.439,620.000,128154.000,74488.000
1692032815.439,619.000,128187.000,74510.000
1692032815.439,620.000,128199.000,74526.000
1692032815.535,620.000,128225.000,74517.000
1692032815.535,620.000,128237.000,74505.000
1692032815.535,620.000,128264.000,74502.000
1692032815.535,619.000,128273.000,74532.000
1692032815.535,621.000,128299.000,74516.000
1692032815.535,620.000,128292.000,74510.000
1692032815.634,619.000,128300.000,74555.000
1692032815.634,620.000,128289.000,74526.000
1692032815.634,621.000,128301.000,74532.000
1692032815.634,620.000,128319.000,74524.000
1692032815.634,619.000,128403.000,74586.000
1692032815.634,620.000,128390.000,74554.000
1692032815.724,620.000,128422.000,74583.000
1692032815.724,620.000,128433.000,74586.000
1692032815.724,620.000,128425.000,74565.000
1692032815.724,620.000,128430.000,74548.000
1692032815.724,620.000,128371.000,74555.000
1692032815.724,620.000,128352.000,74561.000
1692032815.815,619.000,128336.000,74523.000
1692032815.815,619.000,128356.000,74506.000
1692032815.815,619.000,128282.000,74548.000
1692032815.815,619.000,128227.000,74534.000
1692032815.815,619.000,128196.000,74526.000
1692032815.815,620.000,128184.000,74482.000
1692032815.934,620.000,128126.000,74495.000
1692032815.934,621.000,128149.000,74510.000
1692032815.934,619.000,128150.000,74438.000
1692032815.934,620.000,128129.000,74459.000
1692032815.934,619.000,128051.000,74438.000
1692032815.934,620.000,128117.000,74458.000
1692032816.009,620.000,128143.000,74450.000
1692032816.009,619.000,128099.000,74447.000
1692032816.009,619.000,128061.000,74425.000
1692032816.009,618.000,128062.000,74414.000
1692032816.009,619.000,128009.000,74447.000
1692032816.009,618.000,128005.000,74425.000
1692032816.099,619.000,127979.000,74408.000
1692032816.099,620.000,128002.000,74411.000
1692032816.099,620.000,127975.000,74372.000
1692032816.099,620.000,127946.000,74342.000
1692032816.099,620.000,127992.000,74388.000
1692032816.099,621.000,127964.000,74393.000
1692032816.189,620.000,127925.000,74351.000
1692032816.189,620.000,127975.000,74396.000
1692032816.189,620.000,127989.000,74375.000
1692032816.189,619.000,128000.000,74405.000
1692032816.189,620.000,128033.000,74417.000
1692032816.189,620.000,128026.000,74391.000
1692032816.294,619.000,128059.000,74394.000
1692032816.294,619.000,128060.000,74411.000
1692032816.294,619.000,128078.000,74437.000
1692032816.294,618.000,128077.000,74460.000
1692032816.294,620.000,128113.000,74421.000
1692032816.294,619.000,128133.000,74450.000
1692032816.384,618.000,128203.000,74454.000
1692032816.384,619.000,128201.000,74475.000
1692032816.384,619.000,128226.000,74495.000
1692032816.384,618.000,128258.000,74522.000
1692032816.384,619.000,128262.000,74533.000
1692032816.384,619.000,128258.000,74532.000
1692032816.474,618.000,128305.000,74564.000
1692032816.474,620.000,128316.000,74552.000
1692032816.474,620.000,128267.000,74533.000
1692032816.474,620.000,128216.000,74510.000
1692032816.474,619.000,128200.000,74518.000
1692032816.474,619.000,128174.000,74495.000
1692032816.564,620.000,128111.000,74499.000
1692032816.564,618.000,128115.000,74445.000
1692032816.564,618.000,128086.000,74447.000
1692032816.564,618.000,128081.000,74470.000
1692032816.564,619.000,127979.000,74452.000
1692032816.564,619.000,127982.000,74429.000
1692032816.669,619.000,127943.000,74453.000
1692032816.669,618.000,127914.000,74420.000
1692032816.669,618.000,127889.000,74409.000
1692032816.669,618.000,127887.000,74407.000
1692032816.669,619.000,127864.000,74408.000
1692032816.669,619.000,127882.000,74396.000
1692032816.759,617.000,127929.000,74384.000
1692032816.759,618.000,127858.000,74404.000
1692032816.759,618.000,127902.000,74396.000
1692032816.759,620.000,127823.000,74435.000
1692032816.759,619.000,127842.000,74412.000
1692032816.759,619.000,127856.000,74398.000
1692032816.864,618.000,127885.000,74417.000
1692032816.864,616.000,127895.000,74416.000
1692032816.864,618.000,127908.000,74424.000
1692032816.864,619.000,127850.000,74440.000
1692032816.864,618.000,127852.000,74426.000
1692032816.864,619.000,127935.000,74414.000
1692032816.940,619.000,127897.000,74442.000
1692032816.940,618.000,127945.000,74436.000
1692032816.940,618.000,127941.000,74451.000
1692032816.940,619.000,127969.000,74438.000
1692032816.940,617.000,127967.000,74491.000
1692032816.940,618.000,127976.000,74500.000
1692032817.044,618.000,127986.000,74452.000
1692032817.044,619.000,127951.000,74484.000
1692032817.044,618.000,128035.000,74453.000
1692032817.044,617.000,128082.000,74477.000
1692032817.044,617.000,128014.000,74508.000
1692032817.044,617.000,128049.000,74478.000
1692032817.134,618.000,128120.000,74492.000
1692032817.134,618.000,128095.000,74538.000
1692032817.134,617.000,128154.000,74567.000
1692032817.134,617.000,128139.000,74528.000
1692032817.134,617.000,128191.000,74582.000
1692032817.134,619.000,128188.000,74564.000
1692032817.225,619.000,128301.000,74551.000
1692032817.225,617.000,128182.000,74582.000
1692032817.225,619.000,128193.000,74563.000
1692032817.225,618.000,128178.000,74536.000
1692032817.225,619.000,128123.000,74504.000
1692032817.225,618.000,128104.000,74493.000
1692032817.314,617.000,128097.000,74504.000
1692032817.314,617.000,128016.000,74522.000
1692032817.314,618.000,128041.000,74489.000
1692032817.314,616.000,127995.000,74493.000
1692032817.314,616.000,127930.000,74481.000
1692032817.314,616.000,127922.000,74487.000
1692032817.421,617.000,127906.000,74490.000
1692032817.421,616.000,127859.000,74498.000
1692032817.421,615.000,127889.000,74446.000
1692032817.421,615.000,127857.000,74450.000
1692032817.421,616.000,127849.000,74442.000
1692032817.421,617.000,127853.000,74450.000
1692032817.510,616.000,127896.000,74438.000
1692032817.510,614.000,127832.000,74467.000
1692032817.510,615.000,127877.000,74491.000
1692032817.510,616.000,127888.000,74463.000
1692032817.510,615.000,127875.000,74489.000
1692032817.510,615.000,127886.000,74465.000
1692032817.600,615.000,127883.000,74463.000
1692032817.600,615.000,127889.000,74497.000
1692032817.600,615.000,127900.000,74520.000
1692032817.600,616.000,127919.000,74483.000
1692032817.600,615.000,127898.000,74512.000
1692032817.600,615.000,127901.000,74540.000
1692032817.692,614.000,127938.000,74485.000
1692032817.692,616.000,127990.000,74525.000
1692032817.692,615.000,127943.000,74516.000
1692032817.692,614.000,127986.000,74541.000
1692032817.692,616.000,127994.000,74508.000
1692032817.692,616.000,128009.000,74550.000
1692032817.795,614.000,128059.000,74544.000
1692032817.795,615.000,128042.000,74568.000
1692032817.795,617.000,128093.000,74561.000
1692032817.795,616.000,128112.000,74596.000
1692032817.795,616.000,128106.000,74602.000
1692032817.795,616.000,128128.000,74600.000
1692032817.884,616.000,128162.000,74587.000
1692032817.884,614.000,128213.000,74631.000
1692032817.884,617.000,128169.000,74644.000
1692032817.884,615.000,128172.000,74634.000
1692032817.884,615.000,128267.000,74645.000
1692032817.884,615.000,128211.000,74667.000
1692032817.975,617.000,128224.000,74644.000
1692032817.975,616.000,128220.000,74639.000
1692032817.975,616.000,128174.000,74618.000
1692032817.975,615.000,128165.000,74627.000
1692032817.975,615.000,128083.000,74600.000
1692032817.975,614.000,128129.000,74583.000
1692032818.067,614.000,128104.000,74576.000
1692032818.067,615.000,128103.000,74592.000
1692032818.067,615.000,128017.000,74559.000
1692032818.067,614.000,127998.000,74552.000
1692032818.067,614.000,128030.000,74551.000
1692032818.067,613.000,128031.000,74580.000
1692032818.172,615.000,127937.000,74526.000
1692032818.172,614.000,127924.000,74549.000
1692032818.172,616.000,127932.000,74543.000
1692032818.172,614.000,127988.000,74561.000
1692032818.172,616.000,127901.000,74543.000
1692032818.172,614.000,127932.000,74526.000
1692032818.262,616.000,127941.000,74492.000
1692032818.262,613.000,127886.000,74537.000
1692032818.262,615.000,127861.000,74532.000
1692032818.262,616.000,127933.000,74503.000
1692032818.262,614.000,127917.000,74555.000
1692032818.262,614.000,127895.000,74522.000
1692032818.364,617.000,127817.000,74543.000
1692032818.364,616.000,127927.000,74533.000
1692032818.364,615.000,127938.000,74553.000
1692032818.364,617.000,127901.000,74549.000
1692032818.364,616.000,127967.000,74540.000
1692032818.364,615.000,127934.000,74576.000
1692032818.455,618.000,127992.000,74575.000
1692032818.455,617.000,127963.000,74573.000
1692032818.455,617.000,128017.000,74584.000
1692032818.455,616.000,128013.000,74588.000
1692032818.455,616.000,128028.000,74570.000
1692032818.455,616.000,128053.000,74593.000
1692032818.546,616.000,128089.000,74625.000
1692032818.546,615.000,128119.000,74610.000
1692032818.546,616.000,128130.000,74613.000
1692032818.546,617.000,128102.000,74623.000
1692032818.546,616.000,128161.000,74635.000
1692032818.546,616.000,128191.000,74625.000
1692032818.637,618.000,128180.000,74634.000
1692032818.637,615.000,128258.000,74650.000
1692032818.637,615.000,128183.000,74676.000
1692032818.637,616.000,128319.000,74641.000
1692032818.637,616.000,128267.000,74668.000
1692032818.637,617.000,128251.000,74661.000
1692032818.727,617.000,128256.000,74640.000
1692032818.727,617.000,128185.000,74646.000
1692032818.727,616.000,128119.000,74594.000
1692032818.727,617.000,128130.000,74608.000
1692032818.727,617.000,128106.000,74596.000
1692032818.727,617.000,128085.000,74602.000
1692032818.829,617.000,128076.000,74545.000
1692032818.829,617.000,128006.000,74574.000
1692032818.829,617.000,127950.000,74569.000
1692032818.829,618.000,127963.000,74567.000
1692032818.829,616.000,127964.000,74514.000
1692032818.829,616.000,127917.000,74533.000
1692032818.919,616.000,127860.000,74513.000
1692032818.919,616.000,127909.000,74526.000
1692032818.919,616.000,127892.000,74517.000
1692032818.919,618.000,127879.000,74529.000
1692032818.919,618.000,127883.000,74495.000
1692032818.919,617.000,127864.000,74536.000
1692032819.009,617.000,127827.000,74529.000
1692032819.009,617.000,127858.000,74503.000
1692032819.009,618.000,127875.000,74507.000
1692032819.009,619.000,127877.000,74522.000
1692032819.009,619.000,127795.000,74494.000
1692032819.009,618.000,127897.000,74497.000
1692032819.099,616.000,127877.000,74497.000
1692032819.099,618.000,127819.000,74534.000
1692032819.099,618.000,127871.000,74535.000
1692032819.099,618.000,127832.000,74545.000
1692032819.099,618.000,127935.000,74555.000
1692032819.099,618.000,127917.000,74517.000
1692032819.189,617.000,127896.000,74537.000
1692032819.189,618.000,127953.000,74514.000
1692032819.189,618.000,127955.000,74555.000
1692032819.189,619.000,127986.000,74557.000
1692032819.189,620.000,127957.000,74532.000
1692032819.189,619.000,128000.000,74544.000
1692032819.309,619.000,127978.000,74545.000
1692032819.309,618.000,128000.000,74574.000
1692032819.309,619.000,128091.000,74587.000
1692032819.309,620.000,128106.000,74568.000
1692032819.309,618.000,128088.000,74555.000
1692032819.309,620.000,128098.000,74601.000
1692032819.384,621.000,128091.000,74593.000
1692032819.384,620.000,128115.000,74615.000
1692032819.384,621.000,128183.000,74632.000
1692032819.384,619.000,128249.000,74602.000
1692032819.384,621.000,128189.000,74646.000
1692032819.384,620.000,128208.000,74606.000
1692032819.477,620.000,128156.000,74609.000
1692032819.477,620.000,128115.000,74578.000
1692032819.477,619.000,128131.000,74537.000
1692032819.477,618.000,128062.000,74580.000
1692032819.477,620.000,128032.000,74554.000
1692032819.477,619.000,128050.000,74580.000
1692032819.564,618.000,128001.000,74522.000
1692032819.564,619.000,127964.000,74545.000
1692032819.564,617.000,127931.000,74508.000
1692032819.564,618.000,127945.000,74543.000
1692032819.564,619.000,127873.000,74471.000
1692032819.564,619.000,127848.000,74478.000
1692032819.669,618.000,127866.000,74489.000
1692032819.669,617.000,127778.000,74464.000
1692032819.669,619.000,127800.000,74489.000
1692032819.669,619.000,127805.000,74481.000
1692032819.669,618.000,127815.000,74475.000
1692032819.669,618.000,127776.000,74475.000
1692032819.759,619.000,127746.000,74451.000
1692032819.759,618.000,127779.000,74480.000
1692032819.759,619.000,127752.000,74438.000
1692032819.759,618.000,127745.000,74459.000
1692032819.759,620.000,127768.000,74454.000
1692032819.759,619.000,127751.000,74481.000
1692032819.849,620.000,127669.000,74476.000
1692032819.849,619.000,127749.000,74490.000
1692032819.849,618.000,127766.000,74430.000
1692032819.849,619.000,127795.000,74447.000
1692032819.849,618.000,127792.000,74435.000
1692032819.849,618.000,127781.000,74463.000
1692032819.940,618.000,127824.000,74466.000
1692032819.940,618.000,127811.000,74440.000
1692032819.940,619.000,127829.000,74475.000
1692032819.940,618.000,127827.000,74484.000
1692032819.940,619.000,127870.000,74471.000
1692032819.940,619.000,127869.000,74491.000
1692032820.044,619.000,127887.000,74507.000
1692032820.044,619.000,127848.000,74507.000
1692032820.044,620.000,127932.000,74552.000
1692032820.044,620.000,127893.000,74557.000
1692032820.044,619.000,127935.000,74521.000
1692032820.044,620.000,128002.000,74586.000
1692032820.134,620.000,127966.000,74569.000
1692032820.134,622.000,128056.000,74589.000
1692032820.134,620.000,128105.000,74585.000
1692032820.134,620.000,128048.000,74574.000
1692032820.134,619.000,128131.000,74569.000
1692032820.134,620.000,128127.000,74586.000
1692032820.225,618.000,128105.000,74611.000
1692032820.225,621.000,128110.000,74588.000
1692032820.225,621.000,128026.000,74556.000
1692032820.225,619.000,128003.000,74552.000
1692032820.225,618.000,127996.000,74533.000
1692032820.225,620.000,127966.000,74540.000
1692032820.317,619.000,127904.000,74515.000
1692032820.317,617.000,127873.000,74497.000
1692032820.317,619.000,127843.000,74512.000
1692032820.317,618.000,127845.000,74495.000
1692032820.317,620.000,127836.000,74460.000
1692032820.317,618.000,127814.000,74478.000
1692032820.419,619.000,127737.000,74482.000
1692032820.419,620.000,127755.000,74497.000
1692032820.419,618.000,127751.000,74469.000
1692032820.419,620.000,127729.000,74454.000
1692032820.419,619.000,127664.000,74462.000
1692032820.419,620.000,127719.000,74458.000
1692032820.510,619.000,127710.000,74446.000
1692032820.510,618.000,127737.000,74448.000
1692032820.510,621.000,127738.000,74442.000
1692032820.510,619.000,127678.000,74457.000
1692032820.510,620.000,127695.000,74455.000
1692032820.510,620.000,127641.000,74459.000
1692032820.599,619.000,127693.000,74440.000
1692032820.599,618.000,127705.000,74437.000
1692032820.599,618.000,127754.000,74499.000
1692032820.599,620.000,127722.000,74462.000
1692032820.599,618.000,127720.000,74455.000
1692032820.599,621.000,127740.000,74448.000
1692032820.689,621.000,127765.000,74482.000
1692032820.689,620.000,127798.000,74488.000
1692032820.689,618.000,127732.000,74477.000
1692032820.689,619.000,127719.000,74455.000
1692032820.689,620.000,127809.000,74499.000
1692032820.689,620.000,127740.000,74510.000
1692032820.795,618.000,127808.000,74504.000
1692032820.795,620.000,127800.000,74470.000
1692032820.795,619.000,127810.000,74503.000
1692032820.795,621.000,127896.000,74491.000
1692032820.795,620.000,127863.000,74478.000
1692032820.795,621.000,127929.000,74489.000
1692032820.884,621.000,127958.000,74562.000
1692032820.884,623.000,127932.000,74532.000
1692032820.884,622.000,127965.000,74530.000
1692032820.884,621.000,128016.000,74566.000
1692032820.884,622.000,128037.000,74582.000
1692032820.884,619.000,128040.000,74576.000
1692032820.974,617.000,128027.000,74543.000
1692032820.974,611.000,127979.000,74585.000
1692032820.974,607.000,127938.000,74564.000
1692032820.974,603.000,127984.000,74536.000
1692032820.974,602.000,127926.000,74526.000
1692032820.974,602.000,127870.000,74524.000
1692032821.080,601.000,127811.000,74507.000
1692032821.080,598.000,127830.000,74509.000
1692032821.080,599.000,127800.000,74512.000
1692032821.080,599.000,127813.000,74483.000
1692032821.080,600.000,127770.000,74470.000
1692032821.080,598.000,127751.000,74438.000
1692032821.169,601.000,127686.000,74469.000
1692032821.169,600.000,127687.000,74475.000
1692032821.169,600.000,127594.000,74454.000
1692032821.169,600.000,127618.000,74449.000
1692032821.169,602.000,127686.000,74432.000
1692032821.169,602.000,127683.000,74442.000
1692032821.259,601.000,127638.000,74444.000
1692032821.259,600.000,127686.000,74426.000
1692032821.259,600.000,127655.000,74425.000
1692032821.259,601.000,127660.000,74434.000
1692032821.259,601.000,127676.000,74410.000
1692032821.259,601.000,127650.000,74434.000
1692032821.349,601.000,127689.000,74469.000
1692032821.349,601.000,127685.000,74432.000
1692032821.349,600.000,127704.000,74451.000
1692032821.349,601.000,127701.000,74474.000
1692032821.349,600.000,127705.000,74447.000
1692032821.349,599.000,127703.000,74482.000
1692032821.444,600.000,127720.000,74469.000
1692032821.444,602.000,127725.000,74472.000
1692032821.444,600.000,127801.000,74495.000
1692032821.444,599.000,127767.000,74491.000
1692032821.444,603.000,127762.000,74489.000
1692032821.444,601.000,127802.000,74494.000
1692032821.533,601.000,127834.000,74534.000
1692032821.533,602.000,127877.000,74519.000
1692032821.533,600.000,127873.000,74533.000
1692032821.533,601.000,127903.000,74552.000
1692032821.533,600.000,127922.000,74558.000
1692032821.533,603.000,128000.000,74571.000
1692032821.634,603.000,127955.000,74566.000
1692032821.634,602.000,127991.000,74583.000
1692032821.634,603.000,128008.000,74578.000
1692032821.634,601.000,128023.000,74598.000
1692032821.634,602.000,128062.000,74575.000
1692032821.634,602.000,128057.000,74591.000
1692032821.724,601.000,128055.000,74584.000
1692032821.724,602.000,128003.000,74604.000
1692032821.724,602.000,127952.000,74545.000
1692032821.724,599.000,127928.000,74570.000
1692032821.724,603.000,127931.000,74557.000
1692032821.724,601.000,127901.000,74526.000
1692032821.818,601.000,127888.000,74543.000
1692032821.818,602.000,127857.000,74537.000
1692032821.818,603.000,127879.000,74505.000
1692032821.818,601.000,127846.000,74481.000
1692032821.818,602.000,127784.000,74484.000
1692032821.818,600.000,127791.000,74496.000
1692032821.907,602.000,127799.000,74489.000
1692032821.907,600.000,127752.000,74488.000
1692032821.907,602.000,127781.000,74492.000
1692032821.907,601.000,127752.000,74505.000
1692032821.907,601.000,127749.000,74498.000
1692032821.907,601.000,127782.000,74495.000
1692032822.001,602.000,127783.000,74480.000
1692032822.001,601.000,127773.000,74464.000
1692032822.001,602.000,127769.000,74494.000
1692032822.001,601.000,127742.000,74497.000
1692032822.001,601.000,127736.000,74533.000
1692032822.001,600.000,127731.000,74492.000
1692032822.099,601.000,127784.000,74476.000
1692032822.099,602.000,127765.000,74495.000
1692032822.099,602.000,127831.000,74521.000
1692032822.099,599.000,127772.000,74518.000
1692032822.099,602.000,127829.000,74502.000
1692032822.099,602.000,127883.000,74496.000
1692032822.192,602.000,127885.000,74543.000
1692032822.192,603.000,127910.000,74508.000
1692032822.192,601.000,127892.000,74535.000
1692032822.192,602.000,127901.000,74540.000
1692032822.192,602.000,127930.000,74529.000
1692032822.192,601.000,127950.000,74567.000
1692032822.294,601.000,127972.000,74546.000
1692032822.294,602.000,128000.000,74560.000
1692032822.294,602.000,128052.000,74606.000
1692032822.294,602.000,128018.000,74596.000
1692032822.294,602.000,128089.000,74605.000
1692032822.294,603.000,128034.000,74626.000
1692032822.386,602.000,128107.000,74628.000
1692032822.386,602.000,128132.000,74630.000
1692032822.386,601.000,128182.000,74654.000
1692032822.386,603.000,128165.000,74647.000
1692032822.386,603.000,128222.000,74662.000
1692032822.386,602.000,128246.000,74645.000
1692032822.477,603.000,128177.000,74625.000
1692032822.477,602.000,128166.000,74629.000
1692032822.477,604.000,128131.000,74599.000
1692032822.477,603.000,128094.000,74607.000
1692032822.477,602.000,128122.000,74601.000
1692032822.477,602.000,128053.000,74555.000
1692032822.567,602.000,128029.000,74620.000
1692032822.567,603.000,128005.000,74587.000
1692032822.567,602.000,127994.000,74588.000
1692032822.567,602.000,127985.000,74573.000
1692032822.567,604.000,127959.000,74563.000
1692032822.567,603.000,127997.000,74581.000
1692032822.669,603.000,127940.000,74558.000
1692032822.669,603.000,127945.000,74553.000
1692032822.669,603.000,127946.000,74579.000
1692032822.669,604.000,127941.000,74561.000
1692032822.669,602.000,127966.000,74556.000
1692032822.669,602.000,127977.000,74550.000
1692032822.762,601.000,127988.000,74519.000
1692032822.762,603.000,127956.000,74542.000
1692032822.762,602.000,127989.000,74571.000
1692032822.762,603.000,127967.000,74554.000
1692032822.762,602.000,128022.000,74552.000
1692032822.762,601.000,128012.000,74540.000
1692032822.851,602.000,128058.000,74563.000
1692032822.851,602.000,128028.000,74562.000
1692032822.851,602.000,128004.000,74578.000
1692032822.851,602.000,128041.000,74591.000
1692032822.851,604.000,128084.000,74571.000
1692032822.851,604.000,128069.000,74592.000
1692032822.939,603.000,128075.000,74624.000
1692032822.939,604.000,128091.000,74585.000
1692032822.939,603.000,128156.000,74590.000
1692032822.939,602.000,128138.000,74605.000
1692032822.939,603.000,128180.000,74585.000
1692032822.939,601.000,128189.000,74630.000
1692032823.044,603.000,128195.000,74601.000
1692032823.044,602.000,128207.000,74626.000
1692032823.044,602.000,128223.000,74659.000
1692032823.044,603.000,128273.000,74643.000
1692032823.044,602.000,128297.000,74674.000
1692032823.044,604.000,128325.000,74687.000
1692032823.134,602.000,128318.000,74708.000
1692032823.134,604.000,128346.000,74697.000
1692032823.134,602.000,128374.000,74701.000
1692032823.134,604.000,128371.000,74712.000
1692032823.134,603.000,128386.000,74691.000
1692032823.134,602.000,128398.000,74673.000
1692032823.224,602.000,128382.000,74705.000
1692032823.224,603.000,128324.000,74669.000
1692032823.224,601.000,128326.000,74672.000
1692032823.224,602.000,128318.000,74651.000
1692032823.224,603.000,128284.000,74670.000
1692032823.224,603.000,128289.000,74635.000
1692032823.315,603.000,128238.000,74655.000
1692032823.315,602.000,128199.000,74636.000
1692032823.315,604.000,128223.000,74617.000
1692032823.315,602.000,128215.000,74577.000
1692032823.315,602.000,128228.000,74617.000
1692032823.315,602.000,128194.000,74632.000
1692032823.419,604.000,128208.000,74618.000
1692032823.419,602.000,128216.000,74627.000
1692032823.419,603.000,128215.000,74640.000
1692032823.419,602.000,128295.000,74642.000
1692032823.419,603.000,128222.000,74639.000
1692032823.419,603.000,128244.000,74612.000
1692032823.525,602.000,128264.000,74638.000
1692032823.525,602.000,128227.000,74653.000
1692032823.525,601.000,128216.000,74645.000
1692032823.525,602.000,128212.000,74653.000
1692032823.525,603.000,128215.000,74629.000
1692032823.525,602.000,128290.000,74626.000
1692032823.599,601.000,128283.000,74644.000
1692032823.599,602.000,128292.000,74645.000
1692032823.599,602.000,128303.000,74652.000
1692032823.599,602.000,128320.000,74665.000
1692032823.599,604.000,128320.000,74632.000
1692032823.599,603.000,128338.000,74657.000
1692032823.689,603.000,128327.000,74642.000
1692032823.689,603.000,128372.000,74660.000
1692032823.689,603.000,128365.000,74675.000
1692032823.689,602.000,128385.000,74636.000
1692032823.689,603.000,128384.000,74681.000
1692032823.689,602.000,128490.000,74685.000
1692032823.794,603.000,128473.000,74678.000
1692032823.794,603.000,128455.000,74721.000
1692032823.794,602.000,128497.000,74689.000
1692032823.794,604.000,128521.000,74698.000
1692032823.794,604.000,128566.000,74710.000
1692032823.794,603.000,128598.000,74748.000
1692032823.884,602.000,128552.000,74708.000
1692032823.884,601.000,128515.000,74710.000
1692032823.884,601.000,128561.000,74700.000
1692032823.884,602.000,128495.000,74688.000
1692032823.884,603.000,128562.000,74665.000
1692032823.884,601.000,128464.000,74656.000
1692032823.974,602.000,128457.000,74641.000
1692032823.974,601.000,128378.000,74632.000
1692032823.974,600.000,128448.000,74637.000
1692032823.974,602.000,128430.000,74655.000
1692032823.974,603.000,128430.000,74636.000
1692032823.974,602.000,128391.000,74632.000
1692032824.065,604.000,128406.000,74629.000
1692032824.065,603.000,128317.000,74611.000
1692032824.065,602.000,128348.000,74619.000
1692032824.065,602.000,128332.000,74624.000
1692032824.065,602.000,128331.000,74610.000
1692032824.065,600.000,128330.000,74608.000
1692032824.169,602.000,128361.000,74603.000
1692032824.169,602.000,128359.000,74576.000
1692032824.169,601.000,128359.000,74586.000
1692032824.169,602.000,128348.000,74602.000
1692032824.169,604.000,128297.000,74604.000
1692032824.169,601.000,128323.000,74577.000
1692032824.259,600.000,128411.000,74605.000
1692032824.259,602.000,128344.000,74578.000
1692032824.259,601.000,128360.000,74607.000
1692032824.259,601.000,128401.000,74599.000
1692032824.259,604.000,128435.000,74626.000
1692032824.259,602.000,128400.000,74593.000
1692032824.350,601.000,128458.000,74621.000
1692032824.350,603.000,128394.000,74603.000
1692032824.350,604.000,128436.000,74592.000
1692032824.350,602.000,128433.000,74597.000
1692032824.350,602.000,128497.000,74604.000
1692032824.350,603.000,128518.000,74606.000
1692032824.439,600.000,128462.000,74614.000
1692032824.439,601.000,128459.000,74641.000
1692032824.439,602.000,128515.000,74650.000
1692032824.439,602.000,128525.000,74652.000
1692032824.439,602.000,128608.000,74641.000
1692032824.439,601.000,128566.000,74659.000
1692032824.544,600.000,128541.000,74666.000
1692032824.544,601.000,128561.000,74676.000
1692032824.544,601.000,128604.000,74690.000
1692032824.544,600.000,128648.000,74674.000
1692032824.544,603.000,128597.000,74692.000
1692032824.544,601.000,128610.000,74678.000
1692032824.634,602.000,128614.000,74647.000
1692032824.634,602.000,128552.000,74642.000
1692032824.634,601.000,128534.000,74624.000
1692032824.634,600.000,128534.000,74623.000
1692032824.634,601.000,128548.000,74618.000
1692032824.634,600.000,128473.000,74610.000
1692032824.724,601.000,128500.000,74614.000
1692032824.724,601.000,128444.000,74559.000
1692032824.724,602.000,128411.000,74572.000
1692032824.724,602.000,128448.000,74590.000
1692032824.724,602.000,128373.000,74581.000
1692032824.724,601.000,128377.000,74565.000
1692032824.814,602.000,128355.000,74557.000
1692032824.814,602.000,128359.000,74542.000
1692032824.814,600.000,128311.000,74550.000
1692032824.814,602.000,128363.000,74583.000
1692032824.814,601.000,128314.000,74565.000
1692032824.814,602.000,128349.000,74577.000
1692032824.919,603.000,128341.000,74569.000
1692032824.919,600.000,128296.000,74538.000
1692032824.919,600.000,128369.000,74555.000
1692032824.919,602.000,128311.000,74548.000
1692032824.919,602.000,128322.000,74524.000
1692032824.919,600.000,128339.000,74550.000
1692032825.009,601.000,128353.000,74535.000
1692032825.009,600.000,128318.000,74542.000
1692032825.009,600.000,128317.000,74547.000
1692032825.009,602.000,128326.000,74534.000
1692032825.009,602.000,128362.000,74535.000
1692032825.009,602.000,128330.000,74570.000
1692032825.099,602.000,128394.000,74559.000
1692032825.099,602.000,128351.000,74569.000
1692032825.099,603.000,128404.000,74578.000
1692032825.099,601.000,128360.000,74548.000
1692032825.099,602.000,128445.000,74566.000
1692032825.099,602.000,128452.000,74581.000
1692032825.189,602.000,128421.000,74589.000
1692032825.189,603.000,128442.000,74579.000
1692032825.189,602.000,128465.000,74580.000
1692032825.189,602.000,128519.000,74600.000
1692032825.189,603.000,128463.000,74596.000
1692032825.189,602.000,128512.000,74619.000
1692032825.294,604.000,128497.000,74619.000
1692032825.294,603.000,128556.000,74603.000
1692032825.294,602.000,128576.000,74625.000
1692032825.294,601.000,128590.000,74606.000
1692032825.294,603.000,128537.000,74566.000
1692032825.294,602.000,128509.000,74589.000
1692032825.384,603.000,128457.000,74556.000
1692032825.384,603.000,128451.000,74565.000
1692032825.384,602.000,128394.000,74521.000
1692032825.384,602.000,128387.000,74546.000
1692032825.384,600.000,128318.000,74552.000
1692032825.384,603.000,128363.000,74483.000
1692032825.474,602.000,128270.000,74505.000
1692032825.474,602.000,128309.000,74486.000
1692032825.474,602.000,128270.000,74432.000
1692032825.474,603.000,128222.000,74450.000
1692032825.474,603.000,128237.000,74456.000
1692032825.474,600.000,128163.000,74453.000
1692032825.579,602.000,128084.000,74451.000
1692032825.579,602.000,128124.000,74435.000
1692032825.579,603.000,128173.000,74422.000
1692032825.579,602.000,128100.000,74403.000
1692032825.579,601.000,128135.000,74424.000
1692032825.579,602.000,128084.000,74425.000
1692032825.670,600.000,128070.000,74388.000
1692032825.670,603.000,128074.000,74408.000
1692032825.670,601.000,128048.000,74377.000
1692032825.670,602.000,128086.000,74387.000
1692032825.670,603.000,128077.000,74394.000
1692032825.670,602.000,128031.000,74351.000
1692032825.759,602.000,128096.000,74395.000
1692032825.759,602.000,128025.000,74384.000
1692032825.759,604.000,128076.000,74421.000
1692032825.759,602.000,128045.000,74360.000
1692032825.759,603.000,128105.000,74409.000
1692032825.759,603.000,128088.000,74382.000
1692032825.849,602.000,128114.000,74351.000
1692032825.849,601.000,128076.000,74426.000
1692032825.849,603.000,128097.000,74414.000
1692032825.849,602.000,128059.000,74382.000
1692032825.849,602.000,128143.000,74435.000
1692032825.849,602.000,128165.000,74413.000
1692032825.939,602.000,128059.000,74440.000
1692032825.939,604.000,128142.000,74431.000
1692032825.939,604.000,128128.000,74445.000
1692032825.939,602.000,128188.000,74476.000
1692032825.939,603.000,128244.000,74439.000
1692032825.939,603.000,128230.000,74471.000
1692032826.044,603.000,128294.000,74462.000
1692032826.044,603.000,128233.000,74477.000
1692032826.044,603.000,128266.000,74441.000
1692032826.044,603.000,128219.000,74457.000
1692032826.044,603.000,128178.000,74432.000
1692032826.044,604.000,128163.000,74423.000
1692032826.134,604.000,128099.000,74382.000
1692032826.134,602.000,128077.000,74414.000
1692032826.134,603.000,128035.000,74363.000
1692032826.134,603.000,128001.000,74403.000
1692032826.134,602.000,127892.000,74375.000
1692032826.134,602.000,127913.000,74362.000
1692032826.228,601.000,127872.000,74367.000
1692032826.228,602.000,127847.000,74314.000
1692032826.228,601.000,127872.000,74338.000
1692032826.228,602.000,127763.000,74321.000
1692032826.228,602.000,127780.000,74303.000
1692032826.228,603.000,127755.000,74299.000
1692032826.317,602.000,127719.000,74310.000
1692032826.317,602.000,127719.000,74305.000
1692032826.317,603.000,127693.000,74297.000
1692032826.317,602.000,127681.000,74271.000
1692032826.317,602.000,127685.000,74306.000
1692032826.317,602.000,127650.000,74261.000
