timestamps,X,Y,Z
1689275098.958,-0.148,0.109,0.984
1689275098.958,-0.147,0.113,0.981
1689275098.958,-0.148,0.113,0.983
1689275099.018,-0.150,0.113,0.985
1689275099.018,-0.146,0.107,0.985
1689275099.018,-0.147,0.115,0.988
1689275099.095,-0.145,0.111,0.985
1689275099.095,-0.143,0.107,0.989
1689275099.095,-0.146,0.109,0.983
1689275099.126,-0.145,0.107,0.986
1689275099.126,-0.146,0.105,0.986
1689275099.126,-0.145,0.110,0.977
1689275099.203,-0.141,0.109,0.982
1689275099.203,-0.142,0.113,0.986
1689275099.203,-0.144,0.114,0.992
1689275099.243,-0.147,0.113,0.991
1689275099.243,-0.147,0.112,0.987
1689275099.243,-0.145,0.113,0.982
1689275099.303,-0.147,0.113,0.980
1689275099.303,-0.147,0.112,0.982
1689275099.303,-0.147,0.114,0.982
1689275099.366,-0.146,0.111,0.986
1689275099.366,-0.145,0.111,0.987
1689275099.366,-0.141,0.109,0.978
1689275099.411,-0.144,0.110,0.983
1689275099.411,-0.144,0.111,0.983
1689275099.411,-0.148,0.112,0.984
1689275099.468,-0.138,0.114,0.986
1689275099.468,-0.141,0.113,0.991
1689275099.468,-0.143,0.107,0.989
1689275099.528,-0.139,0.107,0.986
1689275099.528,-0.141,0.110,0.987
1689275099.528,-0.146,0.108,0.989
1689275099.588,-0.147,0.112,0.986
1689275099.588,-0.146,0.112,0.987
1689275099.588,-0.144,0.109,0.985
1689275099.647,-0.138,0.107,0.986
1689275099.647,-0.137,0.115,0.979
1689275099.647,-0.141,0.114,0.992
1689275099.693,-0.138,0.115,0.984
1689275099.693,-0.136,0.110,0.983
1689275099.693,-0.132,0.108,0.982
1689275099.753,-0.130,0.106,0.986
1689275099.753,-0.130,0.104,0.989
1689275099.753,-0.127,0.108,0.988
1689275099.813,-0.126,0.104,0.989
1689275099.813,-0.127,0.105,0.987
1689275099.813,-0.125,0.108,0.980
1689275099.887,-0.124,0.107,0.988
1689275099.887,-0.125,0.106,0.995
1689275099.887,-0.131,0.105,0.993
1689275099.936,-0.133,0.107,0.989
1689275099.936,-0.133,0.104,0.984
1689275099.936,-0.129,0.104,0.984
1689275099.978,-0.133,0.105,0.984
1689275099.978,-0.136,0.109,0.982
1689275099.978,-0.133,0.108,0.991
1689275100.038,-0.135,0.106,0.985
1689275100.038,-0.137,0.106,0.987
1689275100.038,-0.131,0.107,0.990
1689275100.098,-0.137,0.105,0.986
1689275100.098,-0.139,0.109,0.987
1689275100.098,-0.135,0.109,0.986
1689275100.160,-0.137,0.112,0.986
1689275100.160,-0.141,0.113,0.991
1689275100.160,-0.140,0.112,0.985
1689275100.208,-0.140,0.112,0.988
1689275100.208,-0.136,0.109,0.987
1689275100.208,-0.134,0.110,0.990
1689275100.263,-0.132,0.113,0.987
1689275100.263,-0.136,0.110,0.985
1689275100.263,-0.141,0.106,0.983
1689275100.323,-0.140,0.107,0.985
1689275100.323,-0.144,0.108,0.982
1689275100.323,-0.143,0.106,0.981
1689275100.382,-0.145,0.104,0.983
1689275100.382,-0.144,0.103,0.985
1689275100.382,-0.146,0.107,0.987
1689275100.443,-0.142,0.104,0.986
1689275100.443,-0.144,0.102,0.985
1689275100.443,-0.147,0.101,0.985
1689275100.490,-0.146,0.102,0.986
1689275100.490,-0.151,0.102,0.986
1689275100.490,-0.147,0.100,0.988
1689275100.548,-0.147,0.102,0.984
1689275100.548,-0.141,0.098,0.991
1689275100.548,-0.144,0.102,0.992
1689275100.608,-0.145,0.097,0.984
1689275100.608,-0.148,0.096,0.984
1689275100.608,-0.143,0.099,0.979
1689275100.653,-0.142,0.093,0.983
1689275100.653,-0.141,0.097,0.980
1689275100.653,-0.145,0.096,0.983
1689275100.716,-0.143,0.094,0.985
1689275100.716,-0.142,0.094,0.987
1689275100.716,-0.137,0.093,0.985
1689275100.772,-0.137,0.099,0.988
1689275100.772,-0.136,0.100,0.988
1689275100.772,-0.132,0.100,0.990
1689275100.833,-0.132,0.107,0.988
1689275100.833,-0.132,0.111,0.987
1689275100.833,-0.128,0.109,0.989
1689275100.892,-0.126,0.105,0.989
1689275100.892,-0.126,0.106,0.985
1689275100.892,-0.128,0.105,0.981
1689275100.938,-0.136,0.106,0.985
1689275100.938,-0.139,0.103,0.980
1689275100.938,-0.133,0.106,0.989
1689275101.002,-0.132,0.107,0.988
1689275101.002,-0.130,0.111,0.991
1689275101.002,-0.132,0.114,0.992
1689275101.048,-0.128,0.114,0.990
1689275101.048,-0.130,0.114,0.987
1689275101.048,-0.133,0.114,0.991
1689275101.118,-0.134,0.111,0.985
1689275101.118,-0.137,0.112,0.986
1689275101.118,-0.138,0.118,0.987
1689275101.163,-0.138,0.112,0.989
1689275101.163,-0.137,0.112,0.984
1689275101.163,-0.138,0.114,0.982
1689275101.223,-0.134,0.116,0.987
1689275101.223,-0.134,0.114,0.993
1689275101.223,-0.140,0.111,0.995
1689275101.285,-0.137,0.108,0.993
1689275101.285,-0.140,0.107,0.986
1689275101.285,-0.137,0.107,0.983
1689275101.334,-0.137,0.111,0.982
1689275101.334,-0.138,0.109,0.981
1689275101.334,-0.134,0.111,0.980
1689275101.388,-0.139,0.106,0.985
1689275101.388,-0.140,0.106,0.987
1689275101.388,-0.138,0.107,0.984
1689275101.448,-0.138,0.106,0.987
1689275101.448,-0.138,0.111,0.981
1689275101.448,-0.134,0.112,0.984
1689275101.508,-0.133,0.108,0.989
1689275101.508,-0.133,0.106,0.989
1689275101.508,-0.136,0.109,0.990
1689275101.568,-0.136,0.105,0.986
1689275101.568,-0.137,0.115,0.986
1689275101.568,-0.139,0.113,0.983
1689275101.615,-0.137,0.112,0.985
1689275101.615,-0.137,0.112,0.987
1689275101.615,-0.138,0.112,0.986
1689275101.673,-0.139,0.111,0.988
1689275101.673,-0.137,0.115,0.989
1689275101.673,-0.139,0.109,0.985
1689275101.733,-0.138,0.109,0.986
1689275101.733,-0.138,0.108,0.987
1689275101.733,-0.137,0.108,0.980
1689275101.796,-0.134,0.109,0.982
1689275101.796,-0.138,0.103,0.985
1689275101.796,-0.139,0.106,0.981
1689275101.841,-0.137,0.110,0.987
1689275101.841,-0.134,0.109,0.991
1689275101.841,-0.138,0.106,0.995
1689275101.903,-0.137,0.110,0.988
1689275101.903,-0.133,0.110,0.987
1689275101.903,-0.133,0.108,0.983
1689275101.958,-0.132,0.103,0.983
1689275101.958,-0.130,0.104,0.986
1689275101.958,-0.130,0.104,0.984
1689275102.018,-0.131,0.104,0.991
1689275102.018,-0.130,0.103,0.985
1689275102.018,-0.135,0.096,0.990
1689275102.080,-0.140,0.098,0.990
1689275102.080,-0.132,0.099,0.983
1689275102.080,-0.134,0.096,0.985
1689275102.126,-0.133,0.099,0.991
1689275102.126,-0.133,0.100,0.988
1689275102.126,-0.135,0.100,0.986
1689275102.183,-0.133,0.100,0.987
1689275102.183,-0.132,0.099,0.984
1689275102.183,-0.131,0.099,0.986
1689275102.243,-0.132,0.102,0.986
1689275102.243,-0.134,0.101,0.984
1689275102.243,-0.135,0.104,0.988
1689275102.303,-0.135,0.102,0.988
1689275102.303,-0.135,0.102,0.987
1689275102.303,-0.136,0.104,0.985
1689275102.363,-0.136,0.102,0.990
1689275102.363,-0.136,0.103,0.988
1689275102.363,-0.135,0.108,0.981
1689275102.409,-0.133,0.105,0.987
1689275102.409,-0.136,0.103,0.988
1689275102.409,-0.139,0.102,0.986
1689275102.468,-0.139,0.103,0.991
1689275102.468,-0.132,0.105,0.993
1689275102.468,-0.130,0.105,0.991
1689275102.528,-0.138,0.099,0.997
1689275102.528,-0.128,0.103,0.982
1689275102.528,-0.134,0.105,0.985
1689275102.588,-0.132,0.101,0.982
1689275102.588,-0.137,0.102,0.982
1689275102.588,-0.137,0.100,0.979
1689275102.636,-0.139,0.101,0.987
1689275102.636,-0.140,0.099,0.987
1689275102.636,-0.139,0.102,0.983
1689275102.693,-0.145,0.098,0.984
1689275102.693,-0.139,0.100,0.983
1689275102.693,-0.134,0.102,0.984
1689275102.753,-0.138,0.099,0.990
1689275102.753,-0.135,0.100,0.993
1689275102.753,-0.137,0.105,0.992
1689275102.813,-0.136,0.105,0.986
1689275102.813,-0.135,0.105,0.985
1689275102.813,-0.139,0.101,0.983
1689275102.872,-0.139,0.102,0.983
1689275102.872,-0.139,0.101,0.985
1689275102.872,-0.139,0.101,0.985
1689275102.934,-0.140,0.102,0.988
1689275102.934,-0.142,0.102,0.982
1689275102.934,-0.141,0.100,0.986
1689275102.978,-0.142,0.100,0.985
1689275102.978,-0.139,0.105,0.982
1689275102.978,-0.139,0.104,0.988
1689275103.038,-0.137,0.104,0.986
1689275103.038,-0.137,0.097,0.986
1689275103.038,-0.137,0.104,0.987
1689275103.097,-0.132,0.106,0.988
1689275103.097,-0.133,0.102,0.994
1689275103.097,-0.129,0.104,0.989
1689275103.143,-0.133,0.105,0.987
1689275103.143,-0.135,0.105,0.987
1689275103.143,-0.134,0.101,0.983
1689275103.205,-0.133,0.104,0.984
1689275103.205,-0.134,0.108,0.987
1689275103.205,-0.139,0.108,0.986
1689275103.263,-0.134,0.109,0.985
1689275103.263,-0.138,0.104,0.987
1689275103.263,-0.136,0.107,0.984
1689275103.323,-0.134,0.103,0.983
1689275103.323,-0.137,0.101,0.983
1689275103.323,-0.132,0.106,0.988
1689275103.368,-0.135,0.106,0.987
1689275103.368,-0.134,0.110,0.992
1689275103.368,-0.134,0.107,0.988
1689275103.431,-0.133,0.107,0.988
1689275103.431,-0.132,0.104,0.990
1689275103.431,-0.131,0.103,0.985
1689275103.493,-0.131,0.105,0.985
1689275103.493,-0.132,0.103,0.987
1689275103.493,-0.128,0.106,0.987
1689275103.548,-0.128,0.104,0.987
1689275103.548,-0.133,0.104,0.988
1689275103.548,-0.130,0.100,0.988
1689275103.608,-0.129,0.103,0.990
1689275103.608,-0.130,0.104,0.991
1689275103.608,-0.127,0.103,0.985
1689275103.667,-0.128,0.098,0.987
1689275103.667,-0.126,0.105,0.981
1689275103.667,-0.125,0.105,0.987
1689275103.716,-0.127,0.100,0.992
1689275103.716,-0.128,0.104,0.994
1689275103.716,-0.126,0.105,0.990
1689275103.788,-0.129,0.103,0.985
1689275103.788,-0.128,0.100,0.989
1689275103.788,-0.124,0.109,0.988
1689275103.832,-0.129,0.104,0.986
1689275103.832,-0.128,0.102,0.991
1689275103.832,-0.128,0.103,0.988
1689275103.878,-0.132,0.102,0.990
1689275103.878,-0.132,0.102,0.986
1689275103.878,-0.130,0.096,0.986
1689275103.938,-0.133,0.104,0.980
1689275103.938,-0.135,0.103,0.984
1689275103.938,-0.135,0.103,0.989
1689275104.001,-0.132,0.101,0.988
1689275104.001,-0.133,0.098,0.989
1689275104.001,-0.133,0.103,0.990
1689275104.061,-0.129,0.102,0.990
1689275104.061,-0.124,0.101,0.987
1689275104.061,-0.124,0.107,0.989
1689275104.106,-0.122,0.099,0.989
1689275104.106,-0.122,0.099,0.989
1689275104.106,-0.126,0.099,0.988
1689275104.163,-0.123,0.102,0.989
1689275104.163,-0.119,0.101,0.989
1689275104.163,-0.121,0.103,0.990
1689275104.223,-0.125,0.103,0.990
1689275104.223,-0.127,0.102,0.992
1689275104.223,-0.128,0.101,0.992
1689275104.284,-0.128,0.098,0.988
1689275104.284,-0.120,0.101,0.982
1689275104.284,-0.124,0.102,0.986
1689275104.333,-0.124,0.104,0.990
1689275104.333,-0.124,0.103,0.995
1689275104.333,-0.127,0.101,0.991
1689275104.388,-0.124,0.099,0.990
1689275104.388,-0.126,0.099,0.991
1689275104.388,-0.130,0.100,0.989
1689275104.448,-0.131,0.100,0.988
1689275104.448,-0.126,0.096,0.988
1689275104.448,-0.128,0.094,0.986
1689275104.508,-0.132,0.096,0.988
1689275104.508,-0.129,0.093,0.988
1689275104.508,-0.134,0.092,0.988
1689275104.556,-0.131,0.089,0.984
1689275104.556,-0.134,0.090,0.986
1689275104.556,-0.131,0.092,0.984
1689275104.630,-0.127,0.091,0.988
1689275104.630,-0.127,0.092,0.985
1689275104.630,-0.126,0.085,0.990
1689275104.673,-0.125,0.086,0.989
1689275104.673,-0.123,0.088,0.991
1689275104.673,-0.124,0.087,0.990
1689275104.733,-0.121,0.090,0.989
1689275104.733,-0.123,0.093,0.988
1689275104.733,-0.126,0.091,0.991
1689275104.793,-0.126,0.087,0.990
1689275104.793,-0.131,0.089,0.987
1689275104.793,-0.132,0.092,0.990
1689275104.841,-0.131,0.089,0.992
1689275104.841,-0.131,0.091,0.988
1689275104.841,-0.133,0.089,0.991
1689275104.898,-0.126,0.089,0.986
1689275104.898,-0.130,0.086,0.989
1689275104.898,-0.129,0.090,0.983
1689275104.958,-0.125,0.091,0.988
1689275104.958,-0.127,0.092,0.990
1689275104.958,-0.128,0.092,0.993
1689275105.018,-0.127,0.093,0.993
1689275105.018,-0.124,0.093,0.990
1689275105.018,-0.122,0.097,0.985
1689275105.080,-0.125,0.095,0.989
1689275105.080,-0.128,0.096,0.986
1689275105.080,-0.128,0.095,0.993
1689275105.138,-0.130,0.091,0.991
1689275105.138,-0.130,0.092,0.988
1689275105.138,-0.134,0.094,0.987
1689275105.183,-0.130,0.090,0.985
1689275105.183,-0.129,0.085,0.987
1689275105.183,-0.131,0.091,0.989
1689275105.243,-0.131,0.091,0.987
1689275105.243,-0.129,0.096,0.989
1689275105.243,-0.125,0.095,0.988
1689275105.303,-0.128,0.093,0.995
1689275105.303,-0.126,0.093,0.990
1689275105.303,-0.125,0.092,0.989
1689275105.363,-0.122,0.094,0.989
1689275105.363,-0.122,0.092,0.989
1689275105.363,-0.120,0.095,0.991
1689275105.408,-0.122,0.093,0.994
1689275105.408,-0.129,0.090,0.991
1689275105.408,-0.125,0.091,0.987
1689275105.468,-0.128,0.091,0.988
1689275105.468,-0.128,0.093,0.990
1689275105.468,-0.125,0.088,0.989
1689275105.528,-0.123,0.089,0.990
1689275105.528,-0.125,0.091,0.981
1689275105.528,-0.119,0.096,0.989
1689275105.587,-0.122,0.093,0.994
1689275105.587,-0.117,0.094,0.995
1689275105.587,-0.118,0.092,0.992
1689275105.636,-0.116,0.093,0.989
1689275105.636,-0.118,0.091,0.985
1689275105.636,-0.125,0.094,0.987
1689275105.693,-0.128,0.089,0.986
1689275105.693,-0.130,0.091,0.991
1689275105.693,-0.133,0.087,0.985
1689275105.753,-0.134,0.086,0.990
1689275105.753,-0.129,0.090,0.986
1689275105.753,-0.128,0.092,0.987
1689275105.812,-0.125,0.090,0.987
1689275105.812,-0.130,0.091,0.992
1689275105.812,-0.130,0.086,0.989
1689275105.858,-0.129,0.094,0.987
1689275105.858,-0.133,0.092,0.987
1689275105.858,-0.135,0.091,0.985
1689275105.921,-0.133,0.092,0.989
1689275105.921,-0.134,0.096,0.991
1689275105.921,-0.133,0.089,0.990
1689275105.978,-0.130,0.093,0.988
1689275105.978,-0.127,0.093,0.987
1689275105.978,-0.129,0.094,0.987
1689275106.038,-0.130,0.092,0.987
1689275106.038,-0.132,0.086,0.986
1689275106.038,-0.131,0.086,0.993
1689275106.083,-0.132,0.085,0.986
1689275106.083,-0.125,0.086,0.988
1689275106.083,-0.133,0.082,0.987
1689275106.143,-0.130,0.084,0.987
1689275106.143,-0.131,0.088,0.989
1689275106.143,-0.124,0.086,0.990
1689275106.205,-0.123,0.091,0.994
1689275106.205,-0.123,0.083,0.991
1689275106.205,-0.123,0.086,0.990
1689275106.262,-0.123,0.085,0.985
1689275106.262,-0.123,0.090,0.982
1689275106.262,-0.127,0.088,0.987
1689275106.322,-0.126,0.086,0.989
1689275106.322,-0.127,0.088,0.990
1689275106.322,-0.131,0.090,0.992
1689275106.368,-0.130,0.088,0.988
1689275106.368,-0.128,0.088,0.991
1689275106.368,-0.127,0.091,0.988
1689275106.428,-0.129,0.091,0.988
1689275106.428,-0.130,0.091,0.994
1689275106.428,-0.129,0.094,0.991
1689275106.519,-0.132,0.090,0.990
1689275106.519,-0.128,0.094,0.991
1689275106.519,-0.127,0.089,0.989
1689275106.547,-0.127,0.092,0.986
1689275106.547,-0.130,0.086,0.987
1689275106.547,-0.130,0.093,0.989
1689275106.593,-0.127,0.088,0.988
1689275106.593,-0.125,0.090,0.989
1689275106.593,-0.129,0.097,0.990
1689275106.668,-0.130,0.089,0.991
1689275106.668,-0.132,0.088,0.989
1689275106.668,-0.130,0.091,0.991
1689275106.743,-0.127,0.091,0.990
1689275106.743,-0.128,0.090,0.989
1689275106.743,-0.130,0.086,0.985
1689275106.763,-0.126,0.088,0.985
1689275106.763,-0.124,0.088,0.985
1689275106.763,-0.125,0.091,0.995
1689275106.818,-0.126,0.095,0.992
1689275106.818,-0.128,0.089,0.990
1689275106.818,-0.128,0.090,0.989
1689275106.878,-0.124,0.093,0.987
1689275106.878,-0.127,0.092,0.989
1689275106.878,-0.126,0.091,0.985
1689275106.938,-0.131,0.093,0.988
1689275106.938,-0.131,0.087,0.988
1689275106.938,-0.132,0.089,0.989
1689275107.001,-0.133,0.092,0.990
1689275107.001,-0.133,0.090,0.986
1689275107.001,-0.131,0.094,0.989
1689275107.048,-0.134,0.093,0.990
1689275107.048,-0.132,0.094,0.990
1689275107.048,-0.136,0.091,0.992
1689275107.103,-0.132,0.093,0.990
1689275107.103,-0.132,0.089,0.991
1689275107.103,-0.129,0.090,0.986
1689275107.163,-0.128,0.088,0.988
1689275107.163,-0.126,0.087,0.990
1689275107.163,-0.129,0.091,0.990
1689275107.223,-0.128,0.091,0.988
1689275107.223,-0.131,0.089,0.988
1689275107.223,-0.132,0.089,0.987
1689275107.284,-0.129,0.092,0.989
1689275107.284,-0.128,0.090,0.989
1689275107.284,-0.126,0.089,0.993
1689275107.332,-0.126,0.089,0.989
1689275107.332,-0.126,0.086,0.985
1689275107.332,-0.123,0.088,0.987
1689275107.388,-0.117,0.089,0.988
1689275107.388,-0.121,0.091,0.996
1689275107.388,-0.123,0.086,0.993
1689275107.448,-0.126,0.085,0.995
1689275107.448,-0.130,0.086,0.988
1689275107.448,-0.128,0.087,0.985
1689275107.508,-0.126,0.090,0.988
1689275107.508,-0.127,0.090,0.989
1689275107.508,-0.130,0.090,0.989
1689275107.556,-0.132,0.091,0.992
1689275107.556,-0.130,0.090,0.992
1689275107.556,-0.131,0.088,0.989
1689275107.614,-0.132,0.089,0.983
1689275107.614,-0.129,0.089,0.988
1689275107.614,-0.128,0.087,0.987
1689275107.673,-0.130,0.088,0.990
1689275107.673,-0.130,0.090,0.991
1689275107.673,-0.128,0.089,0.993
1689275107.733,-0.129,0.089,0.988
1689275107.733,-0.125,0.089,0.986
1689275107.733,-0.123,0.091,0.987
1689275107.792,-0.129,0.093,0.988
1689275107.792,-0.128,0.089,0.992
1689275107.792,-0.127,0.090,0.992
1689275107.841,-0.128,0.093,0.990
1689275107.841,-0.127,0.089,0.991
1689275107.841,-0.125,0.088,0.993
1689275107.898,-0.127,0.088,0.987
1689275107.898,-0.122,0.086,0.991
1689275107.898,-0.128,0.086,0.984
1689275107.958,-0.126,0.085,0.983
1689275107.958,-0.128,0.091,0.986
1689275107.958,-0.124,0.090,0.987
1689275108.018,-0.126,0.093,0.993
1689275108.018,-0.129,0.092,0.993
1689275108.018,-0.132,0.095,0.992
1689275108.063,-0.131,0.097,0.991
1689275108.063,-0.129,0.096,0.989
1689275108.063,-0.128,0.098,0.989
1689275108.125,-0.128,0.097,0.991
1689275108.125,-0.129,0.097,0.990
1689275108.125,-0.125,0.093,0.989
1689275108.198,-0.128,0.094,0.995
1689275108.198,-0.124,0.090,0.987
1689275108.198,-0.126,0.092,0.983
1689275108.243,-0.126,0.092,0.986
1689275108.243,-0.124,0.092,0.993
1689275108.243,-0.124,0.089,0.993
1689275108.302,-0.119,0.089,0.991
1689275108.302,-0.120,0.091,0.993
1689275108.302,-0.118,0.090,0.995
1689275108.362,-0.119,0.091,0.991
1689275108.362,-0.117,0.092,0.989
1689275108.362,-0.123,0.090,0.988
1689275108.408,-0.124,0.088,0.990
1689275108.408,-0.125,0.091,0.991
1689275108.408,-0.128,0.093,0.988
1689275108.457,-0.128,0.089,0.987
1689275108.457,-0.125,0.089,0.993
1689275108.457,-0.129,0.092,0.994
1689275108.527,-0.128,0.093,0.990
1689275108.527,-0.130,0.088,0.989
1689275108.527,-0.127,0.086,0.984
1689275108.573,-0.124,0.091,0.986
1689275108.573,-0.121,0.089,0.990
1689275108.573,-0.126,0.087,0.997
1689275108.636,-0.127,0.090,0.992
1689275108.636,-0.130,0.091,0.993
1689275108.636,-0.130,0.090,0.993
1689275108.693,-0.132,0.090,0.991
1689275108.693,-0.141,0.091,0.994
1689275108.693,-0.135,0.092,0.993
1689275108.752,-0.134,0.091,0.993
1689275108.752,-0.129,0.093,0.994
1689275108.752,-0.123,0.087,0.994
1689275108.798,-0.109,0.089,0.992
1689275108.798,-0.101,0.088,0.989
1689275108.798,-0.088,0.084,0.989
1689275108.858,-0.071,0.080,0.988
1689275108.858,-0.060,0.077,0.987
1689275108.858,-0.053,0.074,0.993
1689275108.921,-0.038,0.074,0.996
1689275108.921,-0.011,0.072,1.003
1689275108.921,-0.003,0.076,0.998
1689275108.966,0.010,0.072,0.999
1689275108.966,0.024,0.068,0.993
1689275108.966,0.038,0.071,0.994
1689275109.037,0.047,0.063,0.989
1689275109.037,0.053,0.064,0.995
1689275109.037,0.063,0.058,0.992
1689275109.083,0.074,0.055,0.987
1689275109.083,0.080,0.048,0.988
1689275109.083,0.087,0.054,0.992
1689275109.143,0.090,0.050,0.993
1689275109.143,0.102,0.046,0.990
1689275109.143,0.115,0.043,0.988
1689275109.218,0.122,0.046,0.985
1689275109.218,0.133,0.044,0.993
1689275109.218,0.137,0.043,0.993
1689275109.250,0.143,0.036,0.991
1689275109.250,0.147,0.040,0.984
1689275109.250,0.154,0.039,0.984
1689275109.308,0.148,0.036,0.989
1689275109.308,0.150,0.037,0.986
1689275109.308,0.152,0.034,0.989
1689275109.368,0.158,0.039,0.986
1689275109.368,0.156,0.037,0.988
1689275109.368,0.155,0.039,0.988
1689275109.428,0.153,0.039,0.989
1689275109.428,0.153,0.044,0.990
1689275109.428,0.152,0.042,0.990
1689275109.488,0.149,0.048,0.992
1689275109.488,0.151,0.047,0.991
1689275109.488,0.151,0.042,0.990
1689275109.548,0.147,0.047,0.988
1689275109.548,0.148,0.049,0.989
1689275109.548,0.148,0.046,0.987
1689275109.593,0.143,0.048,0.985
1689275109.593,0.145,0.049,0.989
1689275109.593,0.143,0.051,0.993
1689275109.653,0.139,0.047,0.985
1689275109.653,0.135,0.048,0.987
1689275109.653,0.136,0.046,0.989
1689275109.713,0.135,0.044,0.992
1689275109.713,0.136,0.047,0.989
1689275109.713,0.136,0.045,0.992
1689275109.761,0.133,0.045,0.992
1689275109.761,0.135,0.043,0.986
1689275109.761,0.138,0.048,0.985
1689275109.818,0.137,0.048,0.988
1689275109.818,0.138,0.048,0.997
1689275109.818,0.137,0.048,0.994
1689275109.878,0.135,0.047,0.991
1689275109.878,0.135,0.049,0.988
1689275109.878,0.135,0.046,0.987
1689275109.938,0.132,0.051,0.987
1689275109.938,0.119,0.045,0.985
1689275109.938,0.118,0.042,0.979
1689275110.001,0.112,0.046,0.982
1689275110.001,0.110,0.046,0.984
1689275110.001,0.109,0.052,0.985
1689275110.048,0.113,0.054,0.996
1689275110.048,0.108,0.057,0.999
1689275110.048,0.104,0.065,1.002
1689275110.103,0.096,0.069,1.006
1689275110.103,0.086,0.068,1.004
1689275110.103,0.082,0.070,0.996
1689275110.163,0.078,0.077,1.000
1689275110.163,0.070,0.072,0.999
1689275110.163,0.064,0.070,0.997
1689275110.223,0.057,0.072,0.998
1689275110.223,0.051,0.071,0.994
1689275110.223,0.046,0.074,0.998
1689275110.285,0.043,0.070,0.995
1689275110.285,0.048,0.074,0.982
1689275110.285,0.028,0.068,1.003
1689275110.332,0.025,0.073,0.997
1689275110.332,0.023,0.069,1.004
1689275110.332,0.023,0.077,1.006
1689275110.388,0.019,0.074,1.004
1689275110.388,0.010,0.075,0.999
1689275110.388,0.004,0.070,1.006
1689275110.448,0.002,0.077,1.002
1689275110.448,-0.001,0.072,1.005
1689275110.448,-0.006,0.072,1.003
1689275110.522,-0.009,0.066,0.997
1689275110.522,-0.016,0.065,0.995
1689275110.522,-0.019,0.059,0.991
1689275110.556,-0.021,0.055,0.991
1689275110.556,-0.027,0.051,0.990
1689275110.556,-0.027,0.053,0.991
1689275110.614,-0.029,0.055,0.990
1689275110.614,-0.028,0.053,0.996
1689275110.614,-0.025,0.051,0.997
1689275110.673,-0.024,0.051,0.995
1689275110.673,-0.029,0.051,0.998
1689275110.673,-0.031,0.051,0.998
1689275110.733,-0.030,0.052,0.999
1689275110.733,-0.028,0.057,0.995
1689275110.733,-0.034,0.053,0.996
1689275110.778,-0.031,0.054,0.999
1689275110.778,-0.032,0.052,0.996
1689275110.778,-0.030,0.052,0.997
1689275110.841,-0.034,0.054,0.998
1689275110.841,-0.034,0.054,0.995
1689275110.841,-0.034,0.058,0.996
1689275110.900,-0.034,0.063,0.999
1689275110.900,-0.034,0.056,0.996
1689275110.900,-0.033,0.059,1.000
1689275110.958,-0.032,0.058,1.000
1689275110.958,-0.033,0.057,1.000
1689275110.958,-0.031,0.061,0.999
1689275111.004,-0.031,0.061,0.999
1689275111.004,-0.031,0.060,1.001
1689275111.004,-0.032,0.061,0.994
1689275111.063,-0.031,0.061,0.996
1689275111.063,-0.030,0.066,0.997
1689275111.063,-0.031,0.064,1.005
1689275111.125,-0.032,0.062,1.004
1689275111.125,-0.027,0.068,0.998
1689275111.125,-0.026,0.063,0.997
1689275111.173,-0.029,0.064,1.000
1689275111.173,-0.029,0.065,0.998
1689275111.173,-0.028,0.068,0.995
1689275111.230,-0.030,0.065,0.995
1689275111.230,-0.030,0.068,0.997
1689275111.230,-0.035,0.064,0.998
1689275111.288,-0.033,0.066,0.995
1689275111.288,-0.031,0.068,0.997
1689275111.288,-0.030,0.073,0.999
1689275111.348,-0.026,0.071,0.999
1689275111.348,-0.025,0.071,1.006
1689275111.348,-0.030,0.072,1.002
1689275111.408,-0.030,0.069,0.999
1689275111.408,-0.032,0.066,1.001
1689275111.408,-0.033,0.065,1.000
1689275111.472,-0.035,0.066,0.994
1689275111.472,-0.033,0.066,0.995
1689275111.472,-0.034,0.065,0.997
1689275111.513,-0.032,0.065,0.995
1689275111.513,-0.032,0.066,0.997
1689275111.513,-0.035,0.066,0.999
1689275111.573,-0.037,0.064,0.999
1689275111.573,-0.038,0.064,0.997
1689275111.573,-0.037,0.066,0.997
1689275111.636,-0.035,0.066,0.997
1689275111.636,-0.038,0.064,0.998
1689275111.636,-0.044,0.068,0.996
1689275111.692,-0.045,0.064,0.997
1689275111.692,-0.041,0.067,0.991
1689275111.692,-0.038,0.067,0.993
1689275111.740,-0.039,0.068,0.998
1689275111.740,-0.039,0.070,1.003
1689275111.740,-0.043,0.069,1.002
1689275111.798,-0.043,0.069,0.998
1689275111.798,-0.044,0.066,0.996
1689275111.798,-0.044,0.068,0.996
1689275111.857,-0.044,0.071,0.996
1689275111.857,-0.048,0.067,0.993
1689275111.857,-0.046,0.074,0.996
1689275111.932,-0.047,0.071,0.997
1689275111.932,-0.049,0.069,0.997
1689275111.932,-0.048,0.072,0.998
1689275111.966,-0.050,0.075,0.998
1689275111.966,-0.047,0.077,0.996
1689275111.966,-0.051,0.076,1.001
1689275112.023,-0.052,0.076,1.000
1689275112.023,-0.055,0.075,0.998
1689275112.023,-0.058,0.076,0.997
1689275112.083,-0.055,0.079,0.996
1689275112.083,-0.052,0.077,0.995
1689275112.083,-0.058,0.079,0.998
1689275112.143,-0.057,0.079,0.994
1689275112.143,-0.056,0.082,0.995
1689275112.143,-0.058,0.081,0.991
1689275112.204,-0.062,0.082,0.997
1689275112.204,-0.058,0.083,0.998
1689275112.204,-0.058,0.077,0.999
1689275112.250,-0.058,0.077,0.999
1689275112.250,-0.057,0.080,0.996
1689275112.250,-0.062,0.079,0.996
1689275112.308,-0.060,0.078,0.997
1689275112.308,-0.066,0.071,0.995
1689275112.308,-0.063,0.076,0.990
1689275112.368,-0.064,0.076,0.993
1689275112.368,-0.061,0.076,0.994
1689275112.368,-0.064,0.078,1.000
1689275112.427,-0.065,0.082,1.002
1689275112.427,-0.067,0.076,0.998
1689275112.427,-0.067,0.074,0.991
1689275112.487,-0.068,0.081,0.990
1689275112.487,-0.071,0.081,0.992
1689275112.487,-0.073,0.080,0.995
1689275112.533,-0.076,0.081,0.993
1689275112.533,-0.076,0.078,0.995
1689275112.533,-0.078,0.077,0.994
1689275112.593,-0.074,0.085,0.996
1689275112.593,-0.071,0.080,0.996
1689275112.593,-0.067,0.086,0.994
1689275112.653,-0.066,0.084,0.996
1689275112.653,-0.069,0.080,0.994
1689275112.653,-0.071,0.084,0.993
1689275112.712,-0.071,0.085,0.995
1689275112.712,-0.068,0.087,0.994
1689275112.712,-0.067,0.086,0.993
1689275112.761,-0.068,0.085,0.994
1689275112.761,-0.070,0.086,0.994
1689275112.761,-0.070,0.087,0.992
1689275112.818,-0.072,0.085,0.998
1689275112.818,-0.064,0.088,0.996
1689275112.818,-0.068,0.089,0.998
1689275112.878,-0.063,0.084,0.997
1689275112.878,-0.064,0.085,0.994
1689275112.878,-0.067,0.084,0.996
1689275112.937,-0.063,0.082,0.995
1689275112.937,-0.063,0.078,0.997
1689275112.937,-0.063,0.077,0.993
1689275112.983,-0.063,0.075,0.994
1689275112.983,-0.060,0.078,0.994
1689275112.983,-0.061,0.077,0.994
1689275113.046,-0.057,0.076,0.999
1689275113.046,-0.058,0.074,1.001
1689275113.046,-0.056,0.079,0.999
1689275113.117,-0.057,0.074,0.996
1689275113.117,-0.054,0.074,0.995
1689275113.117,-0.055,0.074,0.991
1689275113.163,-0.056,0.074,0.991
1689275113.163,-0.060,0.073,0.996
1689275113.163,-0.060,0.070,0.997
1689275113.237,-0.061,0.075,0.997
1689275113.237,-0.062,0.076,0.992
1689275113.237,-0.062,0.074,0.994
1689275113.283,-0.062,0.074,0.990
1689275113.283,-0.059,0.077,0.996
1689275113.283,-0.057,0.075,0.994
1689275113.331,-0.058,0.076,0.999
1689275113.331,-0.058,0.075,0.996
1689275113.331,-0.059,0.076,0.997
1689275113.388,-0.061,0.078,0.999
1689275113.388,-0.062,0.079,0.995
1689275113.388,-0.063,0.081,0.994
1689275113.448,-0.064,0.079,0.995
1689275113.448,-0.066,0.076,0.995
1689275113.448,-0.066,0.078,0.997
1689275113.493,-0.065,0.077,0.993
1689275113.493,-0.066,0.084,0.995
1689275113.493,-0.063,0.084,0.997
1689275113.556,-0.060,0.082,1.000
1689275113.556,-0.061,0.082,0.993
1689275113.556,-0.059,0.080,0.993
1689275113.613,-0.061,0.082,0.996
1689275113.613,-0.060,0.081,0.991
1689275113.613,-0.056,0.084,0.996
1689275113.673,-0.058,0.081,1.001
1689275113.673,-0.058,0.081,1.002
1689275113.673,-0.058,0.086,0.997
1689275113.732,-0.065,0.084,0.999
1689275113.732,-0.062,0.083,0.994
1689275113.732,-0.062,0.080,0.997
1689275113.778,-0.061,0.083,0.993
1689275113.778,-0.065,0.083,0.992
1689275113.778,-0.067,0.084,0.997
1689275113.841,-0.070,0.077,0.994
1689275113.841,-0.068,0.084,0.995
1689275113.841,-0.068,0.081,0.996
1689275113.897,-0.067,0.083,0.991
1689275113.897,-0.067,0.086,0.997
1689275113.897,-0.063,0.085,0.997
1689275113.972,-0.059,0.081,0.995
1689275113.972,-0.057,0.082,0.995
1689275113.972,-0.064,0.082,0.994
1689275114.003,-0.063,0.079,0.991
1689275114.003,-0.064,0.083,0.993
1689275114.003,-0.064,0.081,0.995
1689275114.077,-0.064,0.076,0.996
1689275114.077,-0.062,0.081,0.996
1689275114.077,-0.064,0.080,0.996
1689275114.125,-0.064,0.082,0.994
1689275114.125,-0.061,0.081,0.993
1689275114.125,-0.063,0.079,0.992
1689275114.188,-0.065,0.082,0.995
1689275114.188,-0.068,0.079,0.995
1689275114.188,-0.068,0.083,0.995
1689275114.228,-0.068,0.079,0.991
1689275114.228,-0.069,0.085,0.995
1689275114.228,-0.064,0.086,0.995
1689275114.288,-0.062,0.080,1.000
1689275114.288,-0.061,0.082,1.003
1689275114.288,-0.061,0.085,0.995
1689275114.362,-0.059,0.085,0.995
1689275114.362,-0.059,0.084,0.996
1689275114.362,-0.064,0.083,0.991
1689275114.408,-0.064,0.081,0.997
1689275114.408,-0.061,0.080,0.995
1689275114.408,-0.064,0.079,0.995
1689275114.469,-0.065,0.077,0.996
1689275114.469,-0.067,0.073,0.993
1689275114.469,-0.061,0.080,0.989
1689275114.513,-0.066,0.074,0.993
1689275114.513,-0.061,0.078,0.993
1689275114.513,-0.061,0.077,0.998
1689275114.573,-0.057,0.079,1.000
1689275114.573,-0.059,0.078,0.998
1689275114.573,-0.056,0.078,0.995
1689275114.633,-0.057,0.076,0.994
1689275114.633,-0.059,0.078,0.994
1689275114.633,-0.058,0.077,0.994
1689275114.681,-0.059,0.078,0.994
1689275114.681,-0.057,0.077,0.998
1689275114.681,-0.062,0.076,0.995
1689275114.739,-0.059,0.074,0.994
1689275114.739,-0.062,0.078,0.993
1689275114.739,-0.061,0.075,1.000
1689275114.812,-0.060,0.077,0.994
1689275114.812,-0.061,0.074,0.999
1689275114.812,-0.061,0.069,0.997
1689275114.857,-0.062,0.073,0.991
1689275114.857,-0.061,0.073,0.991
1689275114.857,-0.057,0.077,0.996
1689275114.921,-0.057,0.076,0.999
1689275114.921,-0.054,0.074,0.998
1689275114.921,-0.054,0.078,0.998
1689275114.966,-0.052,0.078,0.998
1689275114.966,-0.052,0.076,0.993
1689275114.966,-0.056,0.081,1.000
1689275115.023,-0.055,0.073,0.996
1689275115.023,-0.056,0.078,0.995
1689275115.023,-0.055,0.079,0.994
1689275115.083,-0.058,0.075,0.998
1689275115.083,-0.058,0.075,0.998
1689275115.083,-0.058,0.072,0.995
1689275115.143,-0.058,0.077,0.993
1689275115.143,-0.056,0.075,0.996
1689275115.143,-0.054,0.073,0.998
1689275115.219,-0.053,0.079,1.001
1689275115.219,-0.053,0.076,0.996
1689275115.219,-0.055,0.079,0.994
1689275115.251,-0.052,0.074,0.997
1689275115.251,-0.048,0.072,0.995
1689275115.251,-0.050,0.078,0.996
1689275115.313,-0.047,0.075,0.994
1689275115.313,-0.047,0.077,0.997
1689275115.313,-0.049,0.075,0.996
1689275115.368,-0.046,0.075,0.999
1689275115.368,-0.050,0.074,0.999
1689275115.368,-0.049,0.078,0.997
1689275115.427,-0.048,0.076,1.002
1689275115.427,-0.051,0.072,0.994
1689275115.427,-0.050,0.075,0.993
1689275115.487,-0.046,0.076,0.993
1689275115.487,-0.044,0.076,0.991
1689275115.487,-0.043,0.074,1.000
1689275115.533,-0.046,0.074,1.004
1689275115.533,-0.047,0.076,0.999
1689275115.533,-0.045,0.074,0.996
1689275115.593,-0.044,0.076,0.995
1689275115.593,-0.048,0.074,0.995
1689275115.593,-0.042,0.074,0.998
1689275115.653,-0.047,0.074,0.999
1689275115.653,-0.043,0.077,0.995
1689275115.653,-0.046,0.072,0.999
1689275115.698,-0.049,0.072,0.996
1689275115.698,-0.049,0.074,0.997
1689275115.698,-0.045,0.075,0.994
1689275115.761,-0.045,0.078,0.995
1689275115.761,-0.045,0.076,0.998
1689275115.761,-0.050,0.073,1.000
1689275115.833,-0.053,0.078,0.997
1689275115.833,-0.052,0.076,0.994
1689275115.833,-0.051,0.073,0.997
1689275115.878,-0.051,0.075,0.995
1689275115.878,-0.050,0.076,0.993
1689275115.878,-0.047,0.079,0.997
1689275115.952,-0.052,0.075,0.996
1689275115.952,-0.049,0.071,0.998
1689275115.952,-0.049,0.075,1.000
1689275115.982,-0.045,0.070,1.001
1689275115.982,-0.043,0.075,1.002
1689275115.982,-0.041,0.074,0.996
1689275116.046,-0.042,0.073,0.998
1689275116.046,-0.042,0.064,0.998
1689275116.046,-0.042,0.073,0.995
1689275116.103,-0.040,0.072,0.994
1689275116.103,-0.041,0.071,1.000
1689275116.103,-0.039,0.071,1.002
1689275116.163,-0.042,0.069,1.000
1689275116.163,-0.043,0.074,0.994
1689275116.163,-0.041,0.072,0.997
1689275116.208,-0.045,0.073,0.995
1689275116.208,-0.046,0.070,0.993
1689275116.208,-0.048,0.068,0.995
1689275116.267,-0.041,0.067,0.997
1689275116.267,-0.046,0.066,0.998
1689275116.267,-0.043,0.071,0.995
1689275116.329,-0.043,0.062,0.995
1689275116.329,-0.045,0.065,0.995
1689275116.329,-0.044,0.066,0.994
1689275116.387,-0.046,0.067,0.996
1689275116.387,-0.048,0.065,0.998
1689275116.387,-0.045,0.070,1.001
1689275116.447,-0.042,0.072,0.999
1689275116.447,-0.044,0.070,1.000
1689275116.447,-0.040,0.073,0.998
1689275116.493,-0.042,0.072,0.996
1689275116.493,-0.044,0.072,0.995
1689275116.493,-0.043,0.072,0.995
1689275116.552,-0.045,0.073,0.996
1689275116.552,-0.044,0.074,0.995
1689275116.552,-0.044,0.069,0.999
1689275116.614,-0.045,0.072,1.000
1689275116.614,-0.044,0.070,0.997
1689275116.614,-0.042,0.072,0.994
1689275116.672,-0.040,0.067,0.997
1689275116.672,-0.042,0.066,0.997
1689275116.672,-0.040,0.071,0.996
1689275116.718,-0.036,0.072,0.997
1689275116.718,-0.038,0.073,1.002
1689275116.718,-0.038,0.071,1.002
1689275116.778,-0.038,0.070,1.000
1689275116.778,-0.037,0.070,0.999
1689275116.778,-0.035,0.073,0.998
1689275116.855,-0.035,0.069,0.994
1689275116.855,-0.037,0.070,0.998
1689275116.855,-0.041,0.070,0.998
1689275116.902,-0.042,0.071,0.997
1689275116.902,-0.043,0.073,0.995
1689275116.902,-0.039,0.067,0.994
1689275116.943,-0.040,0.069,0.994
1689275116.943,-0.041,0.066,0.995
1689275116.943,-0.039,0.067,0.997
1689275117.017,-0.038,0.068,0.999
1689275117.017,-0.034,0.068,1.000
1689275117.017,-0.035,0.072,0.999
1689275117.062,-0.035,0.068,0.998
1689275117.062,-0.033,0.072,0.999
1689275117.062,-0.032,0.070,0.995
1689275117.140,-0.031,0.069,0.996
1689275117.140,-0.034,0.068,0.999
1689275117.140,-0.037,0.071,1.000
1689275117.173,-0.037,0.066,0.998
1689275117.173,-0.038,0.070,0.996
1689275117.173,-0.036,0.069,0.998
1689275117.228,-0.034,0.068,0.999
1689275117.228,-0.033,0.069,0.997
1689275117.228,-0.031,0.071,0.994
1689275117.288,-0.033,0.069,0.998
1689275117.288,-0.037,0.070,0.997
1689275117.288,-0.039,0.069,0.993
1689275117.347,-0.033,0.072,0.997
1689275117.347,-0.034,0.069,1.005
1689275117.347,-0.032,0.070,1.001
1689275117.408,-0.032,0.070,1.000
1689275117.408,-0.033,0.072,0.995
1689275117.408,-0.033,0.070,0.994
1689275117.456,-0.034,0.073,0.994
1689275117.456,-0.034,0.072,0.997
1689275117.456,-0.038,0.073,0.997
1689275117.513,-0.039,0.071,0.998
1689275117.513,-0.041,0.071,0.999
1689275117.513,-0.039,0.072,0.998
1689275117.573,-0.040,0.068,0.995
1689275117.573,-0.038,0.067,0.996
1689275117.573,-0.037,0.070,0.996
1689275117.632,-0.036,0.073,1.001
1689275117.632,-0.032,0.072,0.998
1689275117.632,-0.034,0.072,0.997
1689275117.681,-0.034,0.072,0.998
1689275117.681,-0.035,0.070,0.999
1689275117.681,-0.034,0.073,0.996
1689275117.742,-0.035,0.068,0.994
1689275117.742,-0.033,0.073,0.997
1689275117.742,-0.037,0.073,0.999
1689275117.798,-0.039,0.074,1.001
1689275117.798,-0.040,0.072,0.999
1689275117.798,-0.038,0.070,0.998
1689275117.847,-0.038,0.069,0.995
1689275117.847,-0.037,0.069,0.996
1689275117.847,-0.038,0.071,0.994
1689275117.917,-0.036,0.074,0.997
1689275117.917,-0.040,0.069,0.996
1689275117.917,-0.037,0.069,0.994
1689275117.966,-0.035,0.069,0.996
1689275117.966,-0.034,0.073,0.998
1689275117.966,-0.035,0.071,1.002
1689275118.023,-0.038,0.072,1.003
1689275118.023,-0.036,0.070,0.996
1689275118.023,-0.032,0.073,0.996
1689275118.083,-0.033,0.077,0.993
1689275118.083,-0.032,0.075,0.998
1689275118.083,-0.033,0.074,0.995
1689275118.142,-0.035,0.070,0.997
1689275118.142,-0.036,0.070,0.996
1689275118.142,-0.036,0.075,0.999
1689275118.187,-0.036,0.070,0.998
1689275118.187,-0.037,0.074,0.996
1689275118.187,-0.034,0.073,0.998
1689275118.250,-0.036,0.071,0.998
1689275118.250,-0.032,0.078,0.999
1689275118.250,-0.034,0.072,0.998
1689275118.313,-0.031,0.076,0.997
1689275118.313,-0.030,0.079,0.997
1689275118.313,-0.032,0.076,0.998
1689275118.368,-0.030,0.077,0.997
1689275118.368,-0.034,0.072,0.997
1689275118.368,-0.035,0.074,0.996
1689275118.427,-0.032,0.072,0.998
1689275118.427,-0.038,0.073,0.997
1689275118.427,-0.032,0.076,0.997
1689275118.476,-0.033,0.078,0.997
1689275118.476,-0.038,0.070,1.000
1689275118.476,-0.035,0.073,0.999
1689275118.533,-0.035,0.074,0.995
1689275118.533,-0.033,0.071,0.996
1689275118.533,-0.033,0.075,1.000
1689275118.592,-0.032,0.070,0.994
1689275118.592,-0.034,0.073,0.993
1689275118.592,-0.029,0.072,1.002
1689275118.652,-0.032,0.076,1.001
1689275118.652,-0.035,0.073,0.998
1689275118.652,-0.028,0.075,0.998
1689275118.697,-0.030,0.074,0.994
1689275118.697,-0.031,0.073,0.996
1689275118.697,-0.032,0.071,0.994
1689275118.761,-0.032,0.076,0.996
1689275118.761,-0.031,0.076,0.996
1689275118.761,-0.031,0.070,0.997
1689275118.818,-0.033,0.070,0.996
1689275118.818,-0.034,0.072,0.996
1689275118.818,-0.036,0.071,0.997
1689275118.877,-0.034,0.074,0.997
1689275118.877,-0.033,0.076,0.999
1689275118.877,-0.031,0.074,0.996
1689275118.922,-0.033,0.077,0.996
1689275118.922,-0.031,0.072,0.997
1689275118.922,-0.029,0.077,0.997
1689275118.982,-0.031,0.078,0.997
1689275118.982,-0.029,0.076,0.997
1689275118.982,-0.032,0.075,0.998
1689275119.046,-0.033,0.076,0.998
1689275119.046,-0.033,0.074,0.998
1689275119.046,-0.036,0.072,0.997
1689275119.102,-0.035,0.073,0.996
1689275119.102,-0.032,0.076,1.001
1689275119.102,-0.031,0.071,0.999
1689275119.162,-0.031,0.071,0.995
1689275119.162,-0.030,0.073,0.996
1689275119.162,-0.026,0.069,0.996
1689275119.207,-0.030,0.070,0.998
1689275119.207,-0.027,0.073,0.991
1689275119.207,-0.022,0.074,0.996
1689275119.282,-0.025,0.072,1.001
1689275119.282,-0.030,0.075,1.004
1689275119.282,-0.032,0.072,1.003
1689275119.329,-0.029,0.076,0.997
1689275119.329,-0.031,0.078,0.995
1689275119.329,-0.031,0.077,0.996
1689275119.375,-0.038,0.080,0.997
1689275119.375,-0.040,0.077,0.995
1689275119.375,-0.038,0.073,0.996
1689275119.433,-0.039,0.072,0.993
1689275119.433,-0.037,0.070,0.998
1689275119.433,-0.039,0.075,0.995
1689275119.493,-0.038,0.075,0.997
1689275119.493,-0.036,0.072,0.998
1689275119.493,-0.034,0.076,0.998
1689275119.552,-0.037,0.077,0.999
1689275119.552,-0.031,0.079,0.995
1689275119.552,-0.034,0.077,0.999
1689275119.614,-0.031,0.083,0.997
1689275119.614,-0.031,0.080,0.998
1689275119.614,-0.031,0.081,0.996
1689275119.672,-0.034,0.081,0.997
1689275119.672,-0.038,0.084,0.995
1689275119.672,-0.042,0.080,0.999
1689275119.732,-0.042,0.083,0.996
1689275119.732,-0.047,0.082,0.992
1689275119.732,-0.048,0.086,0.997
1689275119.777,-0.048,0.089,0.997
1689275119.777,-0.045,0.086,0.998
1689275119.777,-0.036,0.092,0.998
1689275119.852,-0.037,0.089,0.997
1689275119.852,-0.039,0.084,0.994
1689275119.852,-0.038,0.087,0.992
1689275119.900,-0.038,0.088,0.991
1689275119.900,-0.036,0.086,0.999
1689275119.900,-0.039,0.088,1.001
1689275119.943,-0.039,0.087,1.002
1689275119.943,-0.034,0.085,0.998
1689275119.943,-0.031,0.086,0.998
1689275120.003,-0.035,0.087,0.997
1689275120.003,-0.033,0.088,0.993
1689275120.003,-0.033,0.084,0.995
1689275120.062,-0.036,0.085,0.993
1689275120.062,-0.035,0.087,0.996
1689275120.062,-0.034,0.086,1.002
1689275120.126,-0.036,0.089,0.997
1689275120.126,-0.033,0.083,0.995
1689275120.126,-0.033,0.083,0.998
1689275120.173,-0.033,0.079,0.997
1689275120.173,-0.033,0.079,0.998
1689275120.173,-0.032,0.080,0.992
1689275120.227,-0.031,0.078,0.998
1689275120.227,-0.030,0.079,0.996
1689275120.227,-0.029,0.074,0.996
1689275120.288,-0.032,0.078,0.996
1689275120.288,-0.030,0.077,0.994
1689275120.288,-0.029,0.074,0.994
1689275120.347,-0.033,0.079,1.000
1689275120.347,-0.032,0.074,0.997
1689275120.347,-0.033,0.076,1.000
1689275120.407,-0.032,0.073,0.993
1689275120.407,-0.033,0.073,0.998
1689275120.407,-0.036,0.080,0.991
1689275120.456,-0.034,0.075,0.995
1689275120.456,-0.040,0.071,0.996
1689275120.456,-0.036,0.073,0.992
1689275120.512,-0.035,0.078,0.992
1689275120.512,-0.033,0.077,0.996
1689275120.512,-0.032,0.081,0.998
1689275120.572,-0.033,0.083,1.001
1689275120.572,-0.034,0.080,0.998
1689275120.572,-0.034,0.078,0.991
1689275120.632,-0.032,0.076,0.993
1689275120.632,-0.035,0.080,0.992
1689275120.632,-0.038,0.083,0.995
1689275120.681,-0.037,0.080,0.997
1689275120.681,-0.034,0.080,0.997
1689275120.681,-0.036,0.076,0.997
1689275120.743,-0.033,0.080,0.997
1689275120.743,-0.030,0.078,0.995
1689275120.743,-0.034,0.081,0.994
1689275120.797,-0.030,0.078,0.999
1689275120.797,-0.036,0.080,0.999
1689275120.797,-0.033,0.080,0.999
1689275120.857,-0.034,0.082,0.999
1689275120.857,-0.034,0.080,0.995
1689275120.857,-0.035,0.079,0.992
1689275120.917,-0.033,0.078,0.994
1689275120.917,-0.035,0.078,0.995
1689275120.917,-0.034,0.080,0.995
1689275120.966,-0.031,0.082,1.000
1689275120.966,-0.034,0.079,0.997
1689275120.966,-0.033,0.078,0.997
1689275121.040,-0.034,0.079,0.997
1689275121.040,-0.032,0.077,0.998
1689275121.040,-0.034,0.072,0.998
1689275121.083,-0.029,0.078,0.997
1689275121.083,-0.030,0.075,0.996
1689275121.083,-0.029,0.079,0.991
1689275121.142,-0.031,0.078,0.992
1689275121.142,-0.030,0.081,0.995
1689275121.142,-0.032,0.079,1.003
1689275121.187,-0.031,0.079,1.003
1689275121.187,-0.039,0.083,0.998
1689275121.187,-0.033,0.083,0.994
1689275121.250,-0.037,0.080,0.995
1689275121.250,-0.033,0.078,0.993
1689275121.250,-0.039,0.079,0.995
1689275121.298,-0.036,0.082,0.995
1689275121.298,-0.035,0.080,0.995
1689275121.298,-0.036,0.081,0.998
1689275121.367,-0.037,0.077,0.995
1689275121.367,-0.033,0.077,0.996
1689275121.367,-0.034,0.078,0.994
1689275121.413,-0.035,0.077,0.997
1689275121.413,-0.032,0.076,0.999
1689275121.413,-0.030,0.080,0.997
1689275121.472,-0.029,0.077,0.999
1689275121.472,-0.030,0.079,0.997
1689275121.472,-0.027,0.075,0.993
1689275121.533,-0.031,0.078,0.994
1689275121.533,-0.034,0.074,0.990
1689275121.533,-0.038,0.078,0.999
1689275121.581,-0.035,0.077,0.999
1689275121.581,-0.040,0.078,0.997
1689275121.581,-0.040,0.079,0.997
1689275121.638,-0.039,0.077,0.998
1689275121.638,-0.037,0.083,0.999
1689275121.638,-0.040,0.081,0.997
1689275121.697,-0.036,0.083,0.999
1689275121.697,-0.034,0.086,0.999
1689275121.697,-0.035,0.082,0.995
1689275121.761,-0.039,0.084,0.991
1689275121.761,-0.038,0.085,0.991
1689275121.761,-0.038,0.084,0.997
1689275121.806,-0.038,0.085,1.001
1689275121.806,-0.044,0.088,0.999
1689275121.806,-0.043,0.083,0.996
1689275121.881,-0.041,0.085,0.998
1689275121.881,-0.039,0.087,0.992
1689275121.881,-0.045,0.089,0.994
1689275121.922,-0.045,0.086,0.992
1689275121.922,-0.041,0.088,0.994
1689275121.922,-0.042,0.091,0.994
1689275121.982,-0.043,0.083,0.995
1689275121.982,-0.045,0.091,0.997
1689275121.982,-0.045,0.089,0.993
1689275122.046,-0.041,0.093,0.996
1689275122.046,-0.040,0.092,0.999
1689275122.046,-0.043,0.096,1.003
1689275122.091,-0.043,0.098,0.999
1689275122.091,-0.045,0.089,1.000
1689275122.091,-0.044,0.095,1.000
1689275122.147,-0.047,0.095,0.994
1689275122.147,-0.044,0.094,0.994
1689275122.147,-0.043,0.094,0.994
1689275122.207,-0.043,0.098,0.995
1689275122.207,-0.042,0.096,0.997
1689275122.207,-0.040,0.099,0.996
1689275122.267,-0.040,0.098,0.995
1689275122.267,-0.040,0.094,0.996
1689275122.267,-0.047,0.094,0.996
1689275122.329,-0.049,0.094,0.994
1689275122.329,-0.047,0.090,1.000
1689275122.329,-0.048,0.092,0.997
1689275122.375,-0.051,0.097,0.990
1689275122.375,-0.045,0.099,0.988
1689275122.375,-0.049,0.099,0.989
1689275122.432,-0.048,0.102,0.998
1689275122.432,-0.049,0.100,1.003
1689275122.432,-0.050,0.099,0.999
1689275122.492,-0.052,0.095,0.997
1689275122.492,-0.046,0.097,0.994
1689275122.492,-0.050,0.100,0.992
1689275122.567,-0.048,0.098,0.992
1689275122.567,-0.052,0.100,0.994
1689275122.567,-0.052,0.094,0.997
1689275122.601,-0.050,0.093,0.995
1689275122.601,-0.049,0.089,0.992
1689275122.601,-0.046,0.092,0.991
1689275122.657,-0.043,0.094,0.989
1689275122.657,-0.042,0.095,0.992
1689275122.657,-0.045,0.097,0.996
1689275122.720,-0.044,0.097,0.994
1689275122.720,-0.039,0.100,0.996
1689275122.720,-0.039,0.100,0.992
1689275122.777,-0.037,0.096,0.998
1689275122.777,-0.038,0.091,1.021
1689275122.777,-0.027,0.104,0.991
1689275122.839,-0.031,0.099,0.993
1689275122.839,-0.032,0.101,0.993
1689275122.839,-0.035,0.094,0.990
1689275122.886,-0.037,0.095,0.991
1689275122.886,-0.039,0.091,0.988
1689275122.886,-0.039,0.092,0.989
1689275122.942,-0.039,0.098,0.993
1689275122.942,-0.034,0.098,0.991
1689275122.942,-0.029,0.098,0.994
1689275123.002,-0.023,0.098,0.998
1689275123.002,-0.026,0.103,0.993
1689275123.002,-0.014,0.101,0.989
1689275123.062,-0.016,0.107,1.003
1689275123.062,-0.010,0.105,0.998
1689275123.062,-0.016,0.105,1.004
1689275123.122,-0.016,0.102,0.997
1689275123.122,-0.010,0.107,0.996
1689275123.122,-0.008,0.106,0.996
1689275123.173,-0.003,0.102,0.993
1689275123.173,-0.004,0.105,0.994
1689275123.173,-0.007,0.103,0.993
1689275123.227,-0.007,0.102,0.995
1689275123.227,-0.008,0.100,0.993
1689275123.227,-0.009,0.100,0.993
1689275123.287,-0.012,0.096,0.995
1689275123.287,-0.012,0.094,0.997
1689275123.287,-0.005,0.096,0.992
1689275123.347,-0.008,0.094,0.997
1689275123.347,-0.008,0.099,0.996
1689275123.347,-0.005,0.097,0.997
1689275123.407,-0.004,0.099,0.994
1689275123.407,0.000,0.097,0.995
1689275123.407,0.002,0.103,0.998
1689275123.456,0.006,0.101,0.997
1689275123.456,0.004,0.102,0.997
1689275123.456,0.002,0.102,0.992
1689275123.515,-0.002,0.101,0.997
1689275123.515,-0.004,0.103,0.997
1689275123.515,-0.008,0.097,0.999
1689275123.573,-0.007,0.101,1.003
1689275123.573,-0.001,0.095,0.995
1689275123.573,-0.003,0.097,0.992
1689275123.617,0.004,0.094,0.998
1689275123.617,0.003,0.094,0.995
1689275123.617,0.007,0.097,0.989
1689275123.681,0.015,0.098,0.992
1689275123.681,0.016,0.100,0.996
1689275123.681,0.018,0.098,1.003
1689275123.753,0.021,0.101,0.996
1689275123.753,0.018,0.100,0.999
1689275123.753,0.017,0.099,0.992
1689275123.797,0.019,0.102,0.988
1689275123.797,0.016,0.104,0.991
1689275123.797,0.016,0.105,0.993
1689275123.842,0.017,0.103,0.997
1689275123.842,0.015,0.107,0.996
1689275123.842,0.011,0.102,0.998
1689275123.902,0.013,0.106,0.995
1689275123.902,0.015,0.105,0.991
1689275123.902,0.013,0.102,0.993
1689275123.993,0.011,0.105,0.996
1689275123.993,0.016,0.103,0.998
1689275123.993,0.011,0.106,0.995
1689275124.013,0.012,0.101,0.996
1689275124.013,0.015,0.104,0.995
1689275124.013,0.014,0.105,1.000
1689275124.082,0.017,0.102,0.996
1689275124.082,0.015,0.108,0.997
1689275124.082,0.016,0.105,0.994
1689275124.127,0.014,0.107,0.994
1689275124.127,0.018,0.102,0.994
1689275124.127,0.016,0.100,0.995
1689275124.187,0.014,0.105,0.995
1689275124.187,0.016,0.100,0.992
1689275124.187,0.015,0.102,0.993
1689275124.250,0.019,0.102,0.991
1689275124.250,0.019,0.103,0.996
1689275124.250,0.016,0.098,0.998
1689275124.297,0.012,0.101,0.990
1689275124.297,0.016,0.099,0.995
1689275124.297,0.019,0.097,0.996
1689275124.353,0.020,0.101,0.998
1689275124.353,0.021,0.099,0.998
1689275124.353,0.021,0.104,0.995
1689275124.412,0.020,0.102,0.994
1689275124.412,0.021,0.101,0.995
1689275124.412,0.017,0.104,1.000
1689275124.472,0.017,0.102,0.997
1689275124.472,0.016,0.098,0.994
1689275124.472,0.016,0.099,0.997
1689275124.532,0.014,0.102,0.995
1689275124.532,0.013,0.101,0.995
1689275124.532,0.017,0.100,0.987
1689275124.580,0.016,0.100,0.991
1689275124.580,0.015,0.103,0.998
1689275124.580,0.015,0.100,0.998
1689275124.637,0.019,0.102,0.995
1689275124.637,0.017,0.102,0.995
1689275124.637,0.021,0.099,0.993
1689275124.712,0.021,0.098,0.998
1689275124.712,0.019,0.100,0.996
1689275124.712,0.022,0.099,0.995
1689275124.757,0.019,0.101,0.993
1689275124.757,0.019,0.097,0.995
1689275124.757,0.017,0.100,0.997
1689275124.821,0.017,0.102,0.997
1689275124.821,0.015,0.103,0.995
1689275124.821,0.013,0.103,0.998
1689275124.862,0.016,0.101,0.993
1689275124.862,0.014,0.098,0.995
1689275124.862,0.018,0.102,0.995
1689275124.922,0.012,0.099,0.993
1689275124.922,0.016,0.098,0.991
1689275124.922,0.016,0.098,0.995
1689275124.982,0.017,0.100,0.993
1689275124.982,0.017,0.099,1.002
1689275124.982,0.018,0.102,1.002
1689275125.045,0.017,0.102,0.999
1689275125.045,0.015,0.097,0.995
1689275125.045,0.017,0.099,0.993
1689275125.091,0.017,0.102,0.994
1689275125.091,0.018,0.095,0.995
1689275125.091,0.014,0.100,0.997
1689275125.147,0.016,0.101,0.995
1689275125.147,0.013,0.099,0.996
1689275125.147,0.011,0.098,0.994
1689275125.207,0.013,0.098,0.995
1689275125.207,0.014,0.098,0.991
1689275125.207,0.012,0.102,0.995
1689275125.267,0.012,0.102,1.000
1689275125.267,0.011,0.097,0.993
1689275125.267,0.013,0.102,0.998
1689275125.343,0.012,0.099,0.996
1689275125.343,0.011,0.099,0.994
1689275125.343,0.014,0.101,0.995
1689275125.374,0.016,0.101,0.995
1689275125.374,0.015,0.100,0.993
1689275125.374,0.017,0.098,0.999
1689275125.432,0.014,0.102,0.995
1689275125.432,0.013,0.098,0.993
1689275125.432,0.012,0.097,0.993
1689275125.492,0.014,0.096,0.993
1689275125.492,0.016,0.099,0.996
1689275125.492,0.014,0.099,0.996
1689275125.552,0.012,0.099,0.991
1689275125.552,0.016,0.096,0.996
1689275125.552,0.012,0.095,0.997
1689275125.612,0.014,0.098,0.987
1689275125.612,0.015,0.097,0.990
1689275125.612,0.014,0.104,0.996
1689275125.659,0.014,0.099,1.003
1689275125.659,0.013,0.100,1.000
1689275125.659,0.011,0.101,0.995
1689275125.717,0.013,0.097,0.993
1689275125.717,0.011,0.098,0.996
1689275125.717,0.012,0.101,0.994
1689275125.777,0.009,0.098,0.996
1689275125.777,0.007,0.100,0.995
1689275125.777,0.010,0.102,0.994
1689275125.822,0.009,0.098,0.994
1689275125.822,0.011,0.096,0.994
1689275125.822,0.010,0.098,0.992
1689275125.886,0.014,0.098,0.994
1689275125.886,0.013,0.098,0.997
1689275125.886,0.015,0.101,0.999
1689275125.942,0.017,0.099,0.998
1689275125.942,0.018,0.102,0.997
1689275125.942,0.020,0.099,0.998
1689275126.002,0.023,0.097,0.997
1689275126.002,0.028,0.098,0.999
1689275126.002,0.041,0.108,1.001
1689275126.062,0.076,0.122,1.018
1689275126.062,0.054,0.114,1.060
1689275126.062,0.070,0.119,1.014
1689275126.107,0.034,0.099,1.027
1689275126.107,0.015,0.085,1.012
1689275126.107,0.005,0.075,1.002
1689275126.171,-0.010,0.063,0.998
1689275126.171,0.002,0.058,0.992
1689275126.171,0.005,0.052,0.988
1689275126.229,-0.011,0.037,0.997
1689275126.229,-0.014,0.028,0.989
1689275126.229,-0.018,0.018,0.983
1689275126.275,-0.022,0.008,0.988
1689275126.275,-0.030,-0.001,0.987
1689275126.275,-0.031,-0.006,0.987
1689275126.347,-0.037,-0.016,0.984
1689275126.347,-0.037,-0.021,0.975
1689275126.347,-0.037,-0.023,0.973
1689275126.392,-0.040,-0.026,0.972
1689275126.392,-0.039,-0.025,0.974
1689275126.392,-0.040,-0.017,0.997
1689275126.470,-0.040,-0.015,1.007
1689275126.470,-0.034,-0.005,1.003
1689275126.470,-0.027,-0.002,1.004
1689275126.512,-0.015,-0.005,1.002
1689275126.512,-0.022,-0.011,0.994
1689275126.512,-0.016,-0.017,0.994
1689275126.572,-0.009,-0.026,0.992
1689275126.572,-0.004,-0.027,0.988
1689275126.572,0.015,-0.023,0.979
1689275126.617,0.024,-0.020,0.989
1689275126.617,0.030,-0.015,0.999
1689275126.617,0.033,-0.018,1.002
1689275126.681,0.036,-0.012,1.003
1689275126.681,0.035,-0.003,1.009
1689275126.681,0.027,0.001,1.010
1689275126.738,0.027,0.006,1.008
1689275126.738,0.018,0.006,1.008
1689275126.738,0.016,0.010,0.999
1689275126.797,0.020,0.010,0.999
1689275126.797,0.018,0.011,0.995
1689275126.797,0.020,0.016,0.985
1689275126.842,0.023,0.008,0.987
1689275126.842,0.024,0.005,1.002
1689275126.842,0.027,0.005,1.009
1689275126.902,0.026,0.008,1.014
1689275126.902,0.031,0.013,1.013
1689275126.902,0.037,0.011,1.015
1689275126.966,0.040,0.014,1.009
1689275126.966,0.036,0.013,1.006
1689275126.966,0.033,0.015,1.003
1689275127.013,0.032,0.018,1.001
1689275127.013,0.027,0.021,1.001
1689275127.013,0.024,0.021,1.002
1689275127.082,0.018,0.015,1.002
1689275127.082,0.014,0.018,0.998
1689275127.082,0.013,0.021,0.997
1689275127.127,0.006,0.019,0.999
1689275127.127,0.000,0.019,0.998
1689275127.127,0.010,0.019,0.990
1689275127.187,0.008,0.020,0.998
1689275127.187,0.016,0.018,1.000
1689275127.187,0.018,0.020,0.997
1689275127.249,0.018,0.021,1.001
1689275127.249,0.023,0.021,1.001
1689275127.249,0.023,0.022,0.999
1689275127.297,0.024,0.021,1.000
1689275127.297,0.019,0.023,0.997
1689275127.297,0.022,0.025,0.999
1689275127.352,0.020,0.026,1.001
1689275127.352,0.021,0.024,1.002
1689275127.352,0.019,0.025,0.998
1689275127.412,0.024,0.027,1.000
1689275127.412,0.024,0.027,0.996
1689275127.412,0.020,0.025,0.989
1689275127.472,0.020,0.023,0.991
1689275127.472,0.018,0.025,0.994
1689275127.472,0.020,0.025,0.987
1689275127.532,0.024,0.026,0.992
1689275127.532,0.032,0.034,0.996
1689275127.532,0.036,0.032,0.999
1689275127.582,0.042,0.036,1.000
1689275127.582,0.047,0.036,0.999
1689275127.582,0.047,0.039,1.004
1689275127.637,0.053,0.042,1.000
1689275127.637,0.050,0.043,1.000
1689275127.637,0.051,0.046,0.997
1689275127.697,0.049,0.045,1.004
1689275127.697,0.050,0.047,1.002
1689275127.697,0.052,0.049,1.000
1689275127.757,0.047,0.047,0.998
1689275127.757,0.048,0.051,0.999
1689275127.757,0.048,0.051,1.000
1689275127.806,0.043,0.053,0.998
1689275127.806,0.045,0.054,0.999
1689275127.806,0.047,0.051,1.001
1689275127.862,0.052,0.056,0.997
1689275127.862,0.053,0.057,0.997
1689275127.862,0.049,0.056,1.001
1689275127.937,0.046,0.056,0.998
1689275127.937,0.045,0.057,0.998
1689275127.937,0.049,0.054,0.998
1689275127.982,0.046,0.058,1.000
1689275127.982,0.049,0.059,0.998
1689275127.982,0.047,0.056,1.002
1689275128.042,0.047,0.057,0.997
1689275128.042,0.046,0.057,1.002
1689275128.042,0.043,0.057,0.997
1689275128.091,0.045,0.057,0.996
1689275128.091,0.040,0.053,0.998
1689275128.091,0.040,0.051,0.997
1689275128.153,0.040,0.052,0.998
1689275128.153,0.044,0.055,1.000
1689275128.153,0.047,0.055,0.997
1689275128.207,0.049,0.056,1.001
1689275128.207,0.049,0.057,0.989
1689275128.207,0.047,0.058,0.994
1689275128.267,0.044,0.056,0.995
1689275128.267,0.043,0.057,0.994
1689275128.267,0.044,0.057,0.997
1689275128.331,0.046,0.061,0.997
1689275128.331,0.046,0.062,0.997
1689275128.331,0.046,0.061,0.995
1689275128.374,0.041,0.060,1.001
1689275128.374,0.045,0.062,0.997
1689275128.374,0.048,0.059,0.995
1689275128.432,0.046,0.061,0.999
1689275128.432,0.048,0.058,0.999
1689275128.432,0.044,0.059,0.998
1689275128.507,0.045,0.060,1.000
1689275128.507,0.043,0.060,0.997
1689275128.507,0.044,0.059,0.997
1689275128.537,0.048,0.060,0.999
1689275128.537,0.048,0.060,0.994
1689275128.537,0.045,0.057,0.996
1689275128.601,0.047,0.061,0.996
1689275128.601,0.049,0.058,0.997
1689275128.601,0.049,0.058,0.998
1689275128.657,0.045,0.058,0.999
1689275128.657,0.045,0.062,1.002
1689275128.657,0.043,0.054,0.996
1689275128.717,0.042,0.056,0.997
1689275128.717,0.046,0.053,0.994
1689275128.717,0.050,0.056,0.993
1689275128.777,0.047,0.058,1.002
1689275128.777,0.047,0.057,1.002
1689275128.777,0.047,0.061,1.002
1689275128.822,0.051,0.059,0.998
1689275128.822,0.049,0.060,0.994
1689275128.822,0.046,0.062,0.996
1689275128.885,0.044,0.058,0.999
1689275128.885,0.045,0.060,0.997
1689275128.885,0.044,0.064,0.995
1689275128.942,0.042,0.059,1.001
1689275128.942,0.041,0.055,0.992
1689275128.942,0.039,0.058,1.000
1689275129.002,0.040,0.061,0.992
1689275129.002,0.041,0.059,0.998
1689275129.002,0.040,0.059,1.000
1689275129.047,0.042,0.061,0.999
1689275129.047,0.043,0.064,0.998
1689275129.047,0.037,0.057,0.997
1689275129.107,0.036,0.063,1.001
1689275129.107,0.037,0.063,0.997
1689275129.107,0.042,0.059,0.995
1689275129.185,0.041,0.068,0.994
1689275129.185,0.041,0.063,0.999
1689275129.185,0.038,0.066,1.000
1689275129.231,0.037,0.062,1.000
1689275129.231,0.039,0.064,1.001
1689275129.231,0.041,0.065,0.997
1689275129.302,0.040,0.062,1.000
1689275129.302,0.038,0.061,0.998
1689275129.302,0.039,0.063,0.994
1689275129.332,0.038,0.063,0.994
1689275129.332,0.041,0.065,0.994
1689275129.332,0.040,0.069,1.000
1689275129.407,0.039,0.069,1.002
1689275129.407,0.042,0.064,0.998
1689275129.407,0.044,0.067,0.995
1689275129.452,0.042,0.067,0.998
1689275129.452,0.040,0.067,0.998
1689275129.452,0.040,0.065,0.999
1689275129.501,0.041,0.059,1.001
1689275129.501,0.040,0.061,0.999
1689275129.501,0.037,0.062,0.999
1689275129.557,0.041,0.061,1.000
1689275129.557,0.040,0.061,0.995
1689275129.557,0.041,0.067,0.994
1689275129.617,0.035,0.062,1.000
1689275129.617,0.034,0.060,0.998
1689275129.617,0.031,0.058,0.998
1689275129.677,0.026,0.057,0.998
1689275129.677,0.026,0.058,0.998
1689275129.677,0.026,0.059,0.996
1689275129.725,0.024,0.057,0.995
1689275129.725,0.023,0.060,0.995
1689275129.725,0.020,0.058,0.994
1689275129.782,0.022,0.060,0.998
1689275129.782,0.017,0.058,0.997
1689275129.782,0.017,0.059,0.998
1689275129.842,0.019,0.060,1.001
1689275129.842,0.020,0.062,1.000
1689275129.842,0.019,0.058,0.997
1689275129.902,0.008,0.047,1.004
1689275129.902,0.020,0.062,0.994
1689275129.902,0.015,0.058,0.994
1689275129.966,0.015,0.062,0.992
1689275129.966,0.010,0.063,0.990
1689275129.966,0.008,0.061,0.996
1689275130.013,0.008,0.061,0.994
1689275130.013,0.008,0.057,0.993
1689275130.013,0.013,0.062,0.994
1689275130.067,0.014,0.059,0.995
1689275130.067,0.009,0.060,1.002
1689275130.067,0.012,0.061,0.992
1689275130.127,0.013,0.065,0.998
1689275130.127,0.013,0.064,0.997
1689275130.127,0.011,0.065,1.000
1689275130.187,0.015,0.067,1.000
1689275130.187,0.013,0.066,0.997
1689275130.187,0.010,0.068,0.996
1689275130.251,0.007,0.067,1.003
1689275130.251,0.006,0.070,0.997
1689275130.251,0.007,0.067,0.998
1689275130.297,0.008,0.068,0.996
1689275130.297,0.007,0.070,0.997
1689275130.297,0.012,0.073,0.995
1689275130.352,0.021,0.074,1.000
1689275130.352,0.020,0.075,0.997
1689275130.352,0.018,0.074,0.994
1689275130.412,0.017,0.076,0.999
1689275130.412,0.013,0.077,0.997
1689275130.412,0.015,0.072,1.001
1689275130.472,0.014,0.074,1.000
1689275130.472,0.014,0.074,1.000
1689275130.472,0.018,0.075,0.999
1689275130.532,0.016,0.069,1.001
1689275130.532,0.018,0.070,0.999
1689275130.532,0.018,0.069,0.995
1689275130.580,0.023,0.074,0.994
1689275130.580,0.021,0.070,1.002
1689275130.580,0.021,0.070,1.002
1689275130.637,0.017,0.072,0.997
1689275130.637,0.014,0.069,0.997
1689275130.637,0.018,0.071,0.997
1689275130.697,0.020,0.071,0.998
1689275130.697,0.024,0.067,0.996
1689275130.697,0.022,0.070,0.995
1689275130.757,0.022,0.075,0.995
1689275130.757,0.019,0.073,0.996
1689275130.757,0.021,0.072,0.999
1689275130.806,0.020,0.076,0.997
1689275130.806,0.020,0.074,0.994
1689275130.806,0.022,0.071,0.996
1689275130.862,0.021,0.067,0.998
1689275130.862,0.022,0.076,0.998
1689275130.862,0.023,0.070,0.999
1689275130.922,0.020,0.071,0.997
1689275130.922,0.023,0.072,0.998
1689275130.922,0.024,0.070,0.996
1689275130.982,0.021,0.072,0.993
1689275130.982,0.019,0.070,0.994
1689275130.982,0.020,0.069,0.996
1689275131.027,0.020,0.071,1.000
1689275131.027,0.017,0.071,1.000
1689275131.027,0.021,0.072,0.998
1689275131.091,0.022,0.071,1.000
1689275131.091,0.021,0.069,1.000
1689275131.091,0.023,0.069,0.995
1689275131.147,0.023,0.068,0.999
1689275131.147,0.020,0.068,0.995
1689275131.147,0.020,0.070,0.992
1689275131.196,0.025,0.070,0.996
1689275131.196,0.028,0.072,1.002
1689275131.196,0.025,0.076,1.009
1689275131.252,0.023,0.068,1.004
1689275131.252,0.020,0.071,0.998
1689275131.252,0.021,0.070,0.991
1689275131.312,0.022,0.068,0.990
1689275131.312,0.021,0.068,0.991
1689275131.312,0.020,0.070,0.993
1689275131.374,0.022,0.073,0.997
1689275131.374,0.018,0.070,0.995
1689275131.374,0.016,0.074,0.995
1689275131.422,0.019,0.071,0.992
1689275131.422,0.018,0.072,0.994
1689275131.422,0.020,0.073,0.995
1689275131.492,0.023,0.072,0.999
1689275131.492,0.023,0.072,1.002
1689275131.492,0.023,0.073,1.000
1689275131.552,0.025,0.073,0.998
1689275131.552,0.025,0.074,1.001
1689275131.552,0.021,0.071,0.997
1689275131.601,0.022,0.068,0.996
1689275131.601,0.022,0.068,0.998
1689275131.601,0.020,0.068,0.995
1689275131.657,0.019,0.073,0.999
1689275131.657,0.021,0.068,0.996
1689275131.657,0.021,0.070,1.000
1689275131.705,0.022,0.070,1.001
1689275131.705,0.019,0.070,0.997
1689275131.705,0.016,0.071,0.994
1689275131.762,0.017,0.071,0.997
1689275131.762,0.016,0.071,1.001
1689275131.762,0.015,0.067,0.992
1689275131.822,0.020,0.072,0.990
1689275131.822,0.022,0.070,0.994
1689275131.822,0.022,0.073,1.001
1689275131.898,0.022,0.075,1.003
1689275131.898,0.020,0.075,1.003
1689275131.898,0.014,0.074,1.000
1689275131.931,0.013,0.073,0.995
1689275131.931,0.016,0.074,0.993
1689275131.931,0.017,0.076,0.997
1689275132.002,0.014,0.073,0.994
1689275132.002,0.016,0.074,0.992
1689275132.002,0.016,0.072,0.996
1689275132.047,0.015,0.073,0.998
1689275132.047,0.026,0.080,0.996
1689275132.047,0.019,0.075,1.001
1689275132.107,0.015,0.081,1.003
1689275132.107,0.013,0.075,1.000
1689275132.107,0.014,0.072,0.998
1689275132.170,0.008,0.071,0.996
1689275132.170,0.005,0.074,0.997
1689275132.170,0.001,0.063,1.017
1689275132.216,0.015,0.077,0.994
1689275132.216,0.015,0.077,0.996
1689275132.216,0.011,0.070,0.996
1689275132.272,0.006,0.069,0.994
1689275132.272,0.002,0.071,0.993
1689275132.272,0.000,0.068,0.991
1689275132.332,-0.005,0.065,0.997
1689275132.332,0.001,0.062,0.997
1689275132.332,0.002,0.064,0.996
1689275132.392,0.007,0.069,0.999
1689275132.392,0.007,0.069,0.998
1689275132.392,0.008,0.066,0.998
1689275132.467,0.006,0.066,0.996
1689275132.467,0.007,0.069,0.994
1689275132.467,0.003,0.070,0.995
1689275132.499,0.004,0.071,1.002
1689275132.499,0.004,0.072,1.002
1689275132.499,0.002,0.073,1.005
1689275132.572,0.003,0.067,1.000
1689275132.572,0.004,0.064,0.999
1689275132.572,0.003,0.066,0.993
1689275132.617,0.009,0.068,0.996
1689275132.617,0.006,0.070,0.996
1689275132.617,0.009,0.072,0.998
1689275132.677,0.007,0.068,0.998
1689275132.677,0.007,0.070,0.995
1689275132.677,-0.000,0.068,0.996
1689275132.725,0.003,0.073,0.999
1689275132.725,0.002,0.070,0.997
1689275132.725,0.003,0.069,0.999
1689275132.782,0.004,0.071,1.002
1689275132.782,0.003,0.070,0.999
1689275132.782,0.007,0.073,0.999
1689275132.842,0.008,0.070,1.001
1689275132.842,0.006,0.069,0.996
1689275132.842,0.008,0.067,0.997
1689275132.902,0.001,0.069,0.995
1689275132.902,0.002,0.069,1.000
1689275132.902,0.000,0.070,0.998
1689275132.962,-0.003,0.069,1.000
1689275132.962,-0.002,0.068,1.001
1689275132.962,-0.001,0.069,1.000
1689275133.011,-0.002,0.065,0.999
1689275133.011,-0.000,0.064,0.996
1689275133.011,0.001,0.064,0.998
1689275133.067,0.003,0.064,0.996
1689275133.067,0.001,0.063,0.992
1689275133.067,-0.002,0.066,0.995
1689275133.127,-0.001,0.067,0.999
1689275133.127,-0.005,0.067,1.006
1689275133.127,-0.007,0.067,1.000
1689275133.202,-0.006,0.069,0.999
1689275133.202,-0.009,0.068,1.000
1689275133.202,-0.015,0.067,0.996
1689275133.249,-0.028,0.066,0.996
1689275133.249,-0.026,0.065,0.994
1689275133.249,-0.025,0.068,0.991
1689275133.312,-0.019,0.072,0.996
1689275133.312,-0.020,0.074,0.997
1689275133.312,-0.012,0.072,0.994
1689275133.354,-0.006,0.077,0.994
1689275133.354,-0.001,0.078,0.994
1689275133.354,0.004,0.076,0.993
1689275133.412,0.009,0.078,1.001
1689275133.412,0.014,0.079,1.000
1689275133.412,0.015,0.080,1.003
1689275133.472,0.023,0.077,0.999
1689275133.472,0.030,0.077,1.002
1689275133.472,0.028,0.071,1.001
1689275133.532,0.028,0.074,0.997
1689275133.532,0.029,0.071,1.000
1689275133.532,0.022,0.069,1.000
1689275133.579,0.019,0.069,0.998
1689275133.579,0.015,0.068,1.002
1689275133.579,0.012,0.064,0.997
1689275133.637,0.012,0.068,1.000
1689275133.637,0.013,0.066,0.997
1689275133.637,0.013,0.067,1.001
1689275133.697,0.017,0.063,0.999
1689275133.697,0.018,0.065,0.994
1689275133.697,0.014,0.060,0.993
1689275133.742,0.018,0.063,0.996
1689275133.742,0.013,0.061,1.002
1689275133.742,0.012,0.062,1.002
1689275133.806,0.009,0.058,1.000
1689275133.806,0.008,0.058,0.997
1689275133.806,0.010,0.057,0.996
1689275133.862,0.009,0.056,0.996
1689275133.862,0.010,0.057,0.995
1689275133.862,0.010,0.054,0.997
1689275133.922,0.009,0.060,0.997
1689275133.922,0.007,0.054,0.999
1689275133.922,0.007,0.057,0.997
1689275133.967,0.010,0.059,0.994
1689275133.967,0.009,0.057,0.994
1689275133.967,0.013,0.061,0.995
1689275134.027,0.013,0.062,0.997
1689275134.027,0.011,0.062,0.998
1689275134.027,0.010,0.064,0.999
1689275134.091,0.012,0.064,0.998
1689275134.091,0.010,0.067,1.000
1689275134.091,0.012,0.065,0.996
1689275134.147,0.011,0.066,0.997
1689275134.147,0.008,0.069,0.997
1689275134.147,0.007,0.068,0.999
1689275134.207,0.011,0.069,1.003
1689275134.207,0.006,0.066,0.999
1689275134.207,0.006,0.069,1.003
1689275134.252,0.006,0.068,1.000
1689275134.252,0.009,0.064,0.999
1689275134.252,0.010,0.061,0.997
1689275134.312,0.005,0.062,0.998
1689275134.312,0.008,0.065,0.993
1689275134.312,0.013,0.068,0.996
1689275134.373,0.017,0.067,1.002
1689275134.373,0.015,0.068,1.005
1689275134.373,0.016,0.068,1.004
1689275134.422,0.018,0.064,0.998
1689275134.422,0.015,0.065,0.996
1689275134.422,0.018,0.063,0.996
1689275134.477,0.015,0.064,1.000
1689275134.477,0.012,0.065,0.998
1689275134.477,0.014,0.064,0.998
1689275134.537,0.011,0.056,1.000
1689275134.537,0.010,0.059,0.998
1689275134.537,0.012,0.060,0.995
1689275134.597,0.009,0.064,0.994
1689275134.597,0.012,0.061,0.996
1689275134.597,0.014,0.062,0.997
1689275134.658,0.011,0.064,0.997
1689275134.658,0.011,0.062,0.998
1689275134.658,0.014,0.066,0.996
1689275134.704,0.014,0.061,0.996
1689275134.704,0.017,0.067,0.998
1689275134.704,0.015,0.061,0.997
1689275134.765,0.015,0.059,0.997
1689275134.765,0.016,0.062,0.996
1689275134.765,0.017,0.059,0.998
1689275134.822,0.015,0.065,0.996
1689275134.822,0.018,0.063,0.999
1689275134.822,0.016,0.062,0.997
1689275134.885,0.016,0.066,1.000
1689275134.885,0.016,0.059,0.999
1689275134.885,0.014,0.061,0.992
1689275134.931,0.015,0.061,0.995
1689275134.931,0.017,0.065,0.998
1689275134.931,0.018,0.065,1.003
1689275134.987,0.018,0.064,1.002
1689275134.987,0.019,0.065,1.000
1689275134.987,0.022,0.065,0.996
1689275135.048,0.019,0.066,0.996
1689275135.048,0.020,0.065,0.999
1689275135.048,0.015,0.065,0.999
1689275135.107,0.014,0.064,0.993
1689275135.107,0.015,0.063,0.995
1689275135.107,0.011,0.066,1.001
1689275135.170,0.012,0.066,0.995
1689275135.170,0.012,0.065,0.995
1689275135.170,0.013,0.063,0.994
1689275135.216,0.013,0.069,0.998
1689275135.216,0.018,0.068,1.001
1689275135.216,0.012,0.067,1.003
1689275135.275,0.013,0.067,0.998
1689275135.275,0.014,0.065,0.994
1689275135.275,0.015,0.066,0.998
1689275135.332,0.018,0.063,0.998
1689275135.332,0.017,0.064,0.999
1689275135.332,0.017,0.065,1.001
1689275135.392,0.015,0.064,0.997
1689275135.392,0.015,0.064,0.999
1689275135.392,0.014,0.072,0.996
1689275135.451,0.013,0.067,0.995
1689275135.451,0.010,0.068,0.996
1689275135.451,0.014,0.067,0.999
1689275135.499,0.010,0.064,0.998
1689275135.499,0.010,0.066,0.994
1689275135.499,0.013,0.066,0.992
1689275135.559,0.014,0.065,0.995
1689275135.559,0.016,0.069,1.001
1689275135.559,0.012,0.071,1.004
1689275135.617,0.012,0.068,1.002
1689275135.617,0.009,0.068,0.997
1689275135.617,0.013,0.071,0.999
1689275135.677,0.010,0.069,0.998
1689275135.677,0.013,0.072,0.997
1689275135.677,0.012,0.067,0.999
1689275135.725,0.015,0.069,1.000
1689275135.725,0.009,0.065,1.000
1689275135.725,0.009,0.065,0.996
1689275135.798,0.010,0.065,0.996
1689275135.798,0.010,0.068,0.995
1689275135.798,0.011,0.067,0.998
1689275135.842,0.014,0.063,0.999
1689275135.842,0.016,0.068,0.997
1689275135.842,0.016,0.071,0.999
1689275135.902,0.015,0.068,0.998
1689275135.902,0.016,0.067,0.995
1689275135.902,0.015,0.068,0.996
1689275135.947,0.014,0.066,0.996
1689275135.947,0.011,0.068,0.996
1689275135.947,0.011,0.064,0.998
1689275136.010,0.015,0.065,1.001
1689275136.010,0.013,0.065,0.998
1689275136.010,0.013,0.066,1.000
1689275136.067,0.013,0.066,1.002
1689275136.067,0.015,0.065,0.998
1689275136.067,0.014,0.065,0.999
1689275136.127,0.012,0.061,0.995
1689275136.127,0.013,0.064,0.996
1689275136.127,0.018,0.069,0.992
1689275136.186,0.017,0.071,1.001
1689275136.186,0.013,0.068,1.003
1689275136.186,0.015,0.067,1.001
1689275136.232,0.012,0.066,0.999
1689275136.232,0.012,0.068,0.996
1689275136.232,0.011,0.067,0.996
1689275136.295,0.012,0.068,0.997
1689275136.295,0.014,0.066,0.996
1689275136.295,0.014,0.067,0.997
1689275136.352,0.016,0.066,0.996
1689275136.352,0.012,0.066,0.999
1689275136.352,0.012,0.066,0.995
1689275136.412,0.013,0.065,0.993
1689275136.412,0.014,0.064,0.999
1689275136.412,0.014,0.070,1.001
1689275136.457,0.017,0.068,1.001
1689275136.457,0.018,0.066,0.999
1689275136.457,0.017,0.071,1.002
1689275136.521,0.018,0.068,1.000
1689275136.521,0.018,0.068,0.994
1689275136.521,0.015,0.069,0.995
1689275136.579,0.015,0.065,0.995
1689275136.579,0.013,0.065,1.001
1689275136.579,0.016,0.068,0.999
1689275136.637,0.013,0.069,0.996
1689275136.637,0.015,0.069,0.998
1689275136.637,0.015,0.069,1.000
1689275136.697,0.017,0.070,0.996
1689275136.697,0.012,0.070,1.000
1689275136.697,0.015,0.068,0.999
1689275136.742,0.014,0.063,1.000
1689275136.742,0.008,0.063,0.996
1689275136.742,0.009,0.065,0.995
1689275136.805,0.017,0.065,0.994
1689275136.805,0.016,0.066,0.997
1689275136.805,0.017,0.063,1.006
1689275136.862,0.014,0.069,1.004
1689275136.862,0.012,0.066,0.997
1689275136.862,0.015,0.064,0.996
1689275136.922,0.015,0.067,0.991
1689275136.922,0.015,0.064,0.998
1689275136.922,0.015,0.063,0.992
1689275136.967,0.017,0.069,0.996
1689275136.967,0.014,0.068,0.997
1689275136.967,0.014,0.065,0.999
1689275137.027,0.014,0.067,0.995
1689275137.027,0.013,0.066,0.997
1689275137.027,0.013,0.063,0.996
1689275137.091,0.014,0.065,0.998
1689275137.091,0.014,0.065,1.004
1689275137.091,0.015,0.071,0.998
1689275137.138,0.019,0.068,0.999
1689275137.138,0.016,0.066,0.996
1689275137.138,0.018,0.070,0.996
1689275137.192,0.017,0.066,0.996
1689275137.192,0.016,0.067,0.997
1689275137.192,0.018,0.070,0.998
1689275137.252,0.015,0.066,0.998
1689275137.252,0.014,0.070,1.000
1689275137.252,0.016,0.066,0.998
1689275137.326,0.018,0.068,0.998
1689275137.326,0.019,0.068,0.999
1689275137.326,0.021,0.067,0.997
1689275137.373,0.020,0.070,0.995
1689275137.373,0.016,0.067,0.999
1689275137.373,0.016,0.068,0.996
1689275137.422,0.017,0.070,0.999
1689275137.422,0.015,0.067,0.999
1689275137.422,0.014,0.071,0.996
1689275137.477,0.016,0.068,0.996
1689275137.477,0.016,0.072,0.997
1689275137.477,0.014,0.065,1.004
1689275137.538,0.015,0.067,1.003
1689275137.538,0.017,0.072,0.998
1689275137.538,0.016,0.070,0.995
1689275137.597,0.021,0.072,0.995
1689275137.597,0.017,0.071,0.997
1689275137.597,0.013,0.068,0.995
1689275137.645,0.011,0.069,0.996
1689275137.645,0.009,0.067,0.998
1689275137.645,0.007,0.063,0.999
1689275137.704,0.007,0.064,0.998
1689275137.704,0.006,0.064,0.999
1689275137.704,0.005,0.064,0.998
1689275137.762,0.004,0.064,1.000
1689275137.762,0.005,0.067,1.000
1689275137.762,0.008,0.065,0.996
1689275137.822,0.009,0.071,1.001
1689275137.822,0.014,0.072,0.998
1689275137.822,0.018,0.070,0.998
1689275137.882,0.011,0.073,0.997
1689275137.882,0.012,0.069,1.000
1689275137.882,0.008,0.068,0.998
1689275137.931,0.005,0.065,0.995
1689275137.931,0.007,0.064,0.995
1689275137.931,0.006,0.070,0.997
1689275137.987,0.008,0.070,0.999
1689275137.987,0.014,0.070,0.997
1689275137.987,0.016,0.073,1.001
1689275138.047,0.017,0.073,0.998
1689275138.047,0.020,0.075,0.997
1689275138.047,0.018,0.068,0.997
1689275138.107,0.015,0.069,0.993
1689275138.107,0.010,0.066,0.996
1689275138.107,0.008,0.064,0.994
1689275138.170,0.016,0.067,0.995
1689275138.170,0.011,0.071,1.001
1689275138.170,0.013,0.069,1.008
1689275138.215,0.014,0.069,1.003
1689275138.215,0.014,0.071,0.998
1689275138.215,0.010,0.072,0.998
1689275138.272,0.013,0.070,0.997
1689275138.272,0.011,0.070,0.995
1689275138.272,0.009,0.073,0.995
1689275138.332,0.010,0.074,0.999
1689275138.332,0.009,0.072,0.998
1689275138.332,0.008,0.074,1.003
1689275138.392,0.006,0.067,0.996
1689275138.392,0.003,0.073,0.995
1689275138.392,-0.001,0.066,0.996
1689275138.452,-0.004,0.069,0.997
1689275138.452,-0.003,0.067,0.997
1689275138.452,-0.008,0.067,0.998
1689275138.498,-0.002,0.067,0.995
1689275138.498,-0.003,0.068,0.995
1689275138.498,0.001,0.074,0.995
1689275138.557,0.004,0.070,0.995
1689275138.557,0.008,0.071,0.995
1689275138.557,0.008,0.075,0.997
1689275138.632,0.008,0.071,1.003
1689275138.632,0.006,0.074,1.000
1689275138.632,0.003,0.072,0.999
1689275138.676,0.007,0.073,0.999
1689275138.676,0.003,0.069,0.997
1689275138.676,0.003,0.072,0.999
1689275138.726,0.004,0.071,0.993
1689275138.726,0.004,0.072,0.997
1689275138.726,0.007,0.074,0.998
1689275138.782,0.008,0.074,0.999
1689275138.782,0.007,0.071,0.999
1689275138.782,0.007,0.075,0.995
1689275138.872,0.009,0.076,0.997
1689275138.872,0.007,0.078,1.001
1689275138.872,0.010,0.074,1.005
1689275138.901,0.010,0.078,1.002
1689275138.901,0.008,0.073,0.998
1689275138.901,0.006,0.073,0.996
1689275138.947,0.006,0.076,0.996
1689275138.947,-0.001,0.070,0.994
1689275138.947,0.002,0.074,0.996
1689275139.010,-0.000,0.072,0.996
1689275139.010,0.003,0.074,0.996
1689275139.010,-0.001,0.071,1.001
1689275139.067,-0.003,0.074,0.998
1689275139.067,-0.003,0.072,0.993
1689275139.067,0.003,0.069,0.996
1689275139.127,0.005,0.072,0.997
1689275139.127,0.008,0.075,1.000
1689275139.127,0.006,0.073,0.999
1689275139.172,0.004,0.073,0.999
1689275139.172,0.006,0.078,0.997
1689275139.172,0.007,0.074,0.997
1689275139.232,0.004,0.077,0.997
1689275139.232,0.004,0.072,0.996
1689275139.232,-0.001,0.075,0.995
1689275139.295,0.000,0.073,0.996
1689275139.295,-0.006,0.069,0.995
1689275139.295,-0.007,0.069,0.997
1689275139.341,-0.006,0.070,0.993
1689275139.341,-0.009,0.072,0.997
1689275139.341,-0.010,0.077,0.997
1689275139.397,-0.010,0.071,1.006
1689275139.397,0.001,0.081,1.000
1689275139.397,-0.000,0.081,1.000
1689275139.457,-0.004,0.079,0.991
1689275139.457,-0.007,0.077,0.991
1689275139.457,-0.005,0.078,0.997
1689275139.517,-0.005,0.077,1.000
1689275139.517,-0.003,0.077,1.001
1689275139.517,-0.004,0.078,0.997
1689275139.580,-0.005,0.077,0.997
1689275139.580,0.000,0.076,0.994
1689275139.580,-0.003,0.075,0.996
1689275139.637,-0.005,0.073,0.998
1689275139.637,-0.002,0.075,0.995
1689275139.637,-0.006,0.079,0.996
1689275139.697,-0.006,0.076,0.999
1689275139.697,-0.007,0.073,0.997
1689275139.697,-0.005,0.071,1.000
1689275139.742,-0.002,0.076,0.991
1689275139.742,-0.002,0.077,0.996
1689275139.742,-0.001,0.078,0.998
1689275139.805,0.004,0.082,1.000
1689275139.805,0.003,0.084,1.000
1689275139.805,0.004,0.085,0.995
1689275139.862,0.005,0.084,0.997
1689275139.862,-0.002,0.080,1.005
1689275139.862,-0.005,0.081,0.997
1689275139.907,-0.011,0.076,0.998
1689275139.907,-0.015,0.075,0.997
1689275139.907,-0.016,0.074,0.993
1689275139.967,-0.020,0.070,0.993
1689275139.967,-0.015,0.068,0.997
1689275139.967,-0.012,0.071,0.995
1689275140.027,-0.015,0.069,0.996
1689275140.027,-0.014,0.073,0.997
1689275140.027,-0.010,0.073,0.995
1689275140.090,-0.010,0.071,0.998
1689275140.090,-0.008,0.074,0.997
1689275140.090,-0.006,0.076,0.998
1689275140.138,-0.002,0.077,1.001
1689275140.138,-0.004,0.077,1.003
1689275140.138,-0.006,0.079,1.002
1689275140.221,-0.006,0.077,0.994
1689275140.221,-0.010,0.078,0.995
1689275140.221,-0.010,0.077,0.994
1689275140.252,-0.007,0.078,0.994
1689275140.252,-0.006,0.078,0.997
1689275140.252,-0.005,0.080,0.998
1689275140.312,-0.004,0.079,0.993
1689275140.312,-0.009,0.077,0.996
1689275140.312,-0.009,0.079,0.995
1689275140.374,-0.013,0.079,0.997
1689275140.374,-0.006,0.080,0.993
1689275140.374,-0.011,0.082,0.998
1689275140.422,-0.010,0.083,1.000
1689275140.422,-0.010,0.085,1.001
1689275140.422,-0.013,0.086,1.001
1689275140.477,-0.009,0.084,0.997
1689275140.477,-0.010,0.082,0.996
1689275140.477,-0.013,0.081,0.996
1689275140.537,-0.014,0.084,0.994
1689275140.537,-0.014,0.082,0.993
1689275140.537,-0.014,0.082,0.997
1689275140.597,-0.014,0.083,0.999
1689275140.597,-0.013,0.085,0.998
1689275140.597,-0.014,0.085,0.999
1689275140.645,-0.012,0.083,1.000
1689275140.645,-0.013,0.081,1.001
1689275140.645,-0.014,0.081,1.000
1689275140.703,-0.013,0.079,0.998
1689275140.703,-0.012,0.082,0.991
1689275140.703,-0.017,0.076,0.994
1689275140.763,-0.010,0.080,0.995
1689275140.763,-0.010,0.079,0.999
1689275140.763,-0.009,0.082,1.003
1689275140.822,-0.009,0.082,0.999
1689275140.822,-0.013,0.080,0.994
1689275140.822,-0.010,0.081,0.994
1689275140.881,-0.010,0.080,0.991
1689275140.881,-0.012,0.079,0.996
1689275140.881,-0.015,0.082,0.993
1689275140.946,-0.015,0.081,0.996
1689275140.946,-0.018,0.078,0.998
1689275140.946,-0.018,0.082,0.998
1689275140.987,-0.018,0.081,0.995
1689275140.987,-0.021,0.083,0.995
1689275140.987,-0.015,0.084,0.994
1689275141.047,-0.018,0.083,1.001
1689275141.047,-0.016,0.084,0.997
1689275141.047,-0.018,0.081,0.998
1689275141.106,-0.019,0.081,0.996
1689275141.106,-0.021,0.082,0.996
1689275141.106,-0.020,0.083,0.998
1689275141.152,-0.019,0.080,0.996
1689275141.152,-0.019,0.081,0.996
1689275141.152,-0.016,0.084,0.999
1689275141.215,-0.020,0.080,0.999
1689275141.215,-0.015,0.082,0.999
1689275141.215,-0.017,0.080,0.999
1689275141.271,-0.015,0.085,0.999
1689275141.271,-0.015,0.080,0.995
1689275141.271,-0.014,0.083,0.998
1689275141.332,-0.018,0.083,0.998
1689275141.332,-0.018,0.078,0.990
1689275141.332,-0.014,0.079,0.994
1689275141.377,-0.013,0.082,0.999
1689275141.377,-0.015,0.082,1.005
1689275141.377,-0.013,0.085,0.999
1689275141.437,-0.016,0.085,0.995
1689275141.437,-0.014,0.082,0.995
1689275141.437,-0.011,0.080,0.996
1689275141.497,-0.010,0.080,0.996
1689275141.497,-0.011,0.079,0.998
1689275141.497,-0.007,0.083,0.997
1689275141.557,-0.010,0.081,0.995
1689275141.557,-0.009,0.081,0.998
1689275141.557,-0.011,0.078,0.998
1689275141.616,-0.014,0.079,0.999
1689275141.616,-0.017,0.083,0.998
1689275141.616,-0.014,0.082,0.997
1689275141.662,-0.012,0.084,0.996
1689275141.662,-0.010,0.076,0.998
1689275141.662,-0.013,0.080,0.998
1689275141.725,-0.009,0.079,0.999
1689275141.725,-0.007,0.080,0.997
1689275141.725,-0.008,0.078,0.994
1689275141.785,-0.012,0.078,0.997
1689275141.785,-0.009,0.077,0.997
1689275141.785,-0.008,0.077,0.993
1689275141.843,-0.007,0.076,1.000
1689275141.843,-0.013,0.077,1.000
1689275141.843,-0.009,0.081,0.997
1689275141.887,-0.010,0.076,0.998
1689275141.887,-0.009,0.075,0.997
1689275141.887,-0.011,0.072,0.997
1689275141.947,-0.008,0.071,0.996
1689275141.947,-0.005,0.076,0.991
1689275141.947,-0.004,0.077,0.996
1689275142.010,-0.006,0.075,0.999
1689275142.010,-0.004,0.078,0.999
1689275142.010,-0.005,0.076,0.997
1689275142.055,-0.003,0.076,0.993
1689275142.055,-0.007,0.077,0.995
1689275142.055,-0.010,0.078,0.998
1689275142.112,-0.009,0.078,0.998
1689275142.112,-0.010,0.076,0.998
1689275142.112,-0.010,0.073,0.996
1689275142.172,-0.014,0.079,0.996
1689275142.172,-0.013,0.077,0.993
1689275142.172,-0.011,0.080,0.992
1689275142.232,-0.008,0.078,0.999
1689275142.232,-0.009,0.078,1.001
1689275142.232,-0.005,0.078,1.001
1689275142.294,-0.008,0.080,1.000
1689275142.294,-0.008,0.079,0.999
1689275142.294,-0.007,0.078,1.000
1689275142.340,-0.008,0.081,0.999
1689275142.340,-0.008,0.077,0.999
1689275142.340,-0.006,0.076,0.995
1689275142.412,-0.006,0.077,0.997
1689275142.412,-0.006,0.080,0.998
1689275142.412,-0.006,0.077,0.996
1689275142.457,-0.009,0.077,1.000
1689275142.457,-0.010,0.076,0.994
1689275142.457,-0.008,0.072,0.997
1689275142.517,-0.013,0.077,1.001
1689275142.517,-0.011,0.084,0.995
1689275142.517,-0.008,0.075,0.991
1689275142.577,-0.003,0.077,0.994
1689275142.577,-0.003,0.076,1.001
1689275142.577,-0.005,0.078,0.999
1689275142.623,-0.007,0.079,1.000
1689275142.623,-0.008,0.080,0.996
1689275142.623,-0.006,0.075,0.994
1689275142.682,-0.009,0.076,0.996
1689275142.682,-0.006,0.078,0.991
1689275142.682,-0.005,0.075,0.999
1689275142.742,-0.005,0.081,0.996
1689275142.742,-0.010,0.076,0.998
1689275142.742,-0.008,0.078,0.993
1689275142.802,-0.009,0.074,0.997
1689275142.802,-0.010,0.079,0.995
1689275142.802,-0.011,0.077,1.000
1689275142.850,-0.008,0.079,1.000
1689275142.850,-0.016,0.078,0.999
1689275142.850,-0.013,0.079,1.000
1689275142.907,-0.020,0.077,0.997
1689275142.907,-0.023,0.078,0.995
1689275142.907,-0.025,0.077,0.996
1689275142.967,-0.021,0.083,0.995
1689275142.967,-0.022,0.082,0.996
1689275142.967,-0.024,0.081,1.000
1689275143.027,-0.032,0.079,1.000
1689275143.027,-0.036,0.081,0.996
1689275143.027,-0.035,0.082,0.999
1689275143.086,-0.032,0.081,1.002
1689275143.086,-0.035,0.084,1.002
1689275143.086,-0.028,0.082,0.993
1689275143.138,-0.035,0.080,0.992
1689275143.138,-0.035,0.081,0.992
1689275143.138,-0.038,0.080,0.997
1689275143.192,-0.038,0.077,0.996
1689275143.192,-0.039,0.080,1.000
1689275143.192,-0.041,0.082,0.998
1689275143.252,-0.041,0.079,0.997
1689275143.252,-0.043,0.084,0.993
1689275143.252,-0.045,0.084,0.992
1689275143.312,-0.046,0.085,0.990
1689275143.312,-0.046,0.087,0.993
1689275143.312,-0.046,0.087,0.997
1689275143.373,-0.048,0.090,0.996
1689275143.373,-0.050,0.087,0.997
1689275143.373,-0.053,0.088,0.997
1689275143.421,-0.056,0.090,0.997
1689275143.421,-0.052,0.091,0.998
1689275143.421,-0.055,0.095,0.998
1689275143.480,-0.053,0.092,0.995
1689275143.480,-0.055,0.092,0.996
1689275143.480,-0.052,0.096,0.998
1689275143.537,-0.051,0.094,0.995
1689275143.537,-0.052,0.094,0.996
1689275143.537,-0.049,0.094,0.990
1689275143.596,-0.048,0.095,0.990
1689275143.596,-0.043,0.096,0.999
1689275143.596,-0.043,0.095,0.998
1689275143.645,-0.044,0.096,0.997
1689275143.645,-0.048,0.096,0.994
1689275143.645,-0.048,0.093,0.997
1689275143.703,-0.049,0.094,0.995
1689275143.703,-0.046,0.093,0.996
1689275143.703,-0.046,0.087,0.992
1689275143.762,-0.048,0.091,0.990
1689275143.762,-0.047,0.095,0.997
1689275143.762,-0.044,0.098,0.998
1689275143.821,-0.047,0.096,0.998
1689275143.821,-0.044,0.096,1.000
1689275143.821,-0.045,0.092,0.997
1689275143.867,-0.042,0.095,0.993
1689275143.867,-0.042,0.093,0.990
1689275143.867,-0.042,0.097,0.996
1689275143.930,-0.041,0.096,0.996
1689275143.930,-0.040,0.093,0.997
1689275143.930,-0.039,0.097,0.995
1689275143.986,-0.043,0.090,1.000
1689275143.986,-0.045,0.090,0.992
1689275143.986,-0.046,0.096,0.992
1689275144.047,-0.051,0.090,0.993
1689275144.047,-0.051,0.093,0.996
1689275144.047,-0.054,0.096,0.998
1689275144.092,-0.056,0.095,1.001
1689275144.092,-0.052,0.093,1.001
1689275144.092,-0.053,0.091,0.997
1689275144.152,-0.050,0.088,0.995
1689275144.152,-0.058,0.086,0.999
1689275144.152,-0.053,0.092,0.997
1689275144.215,-0.053,0.089,0.997
1689275144.215,-0.049,0.091,0.997
1689275144.215,-0.036,0.090,0.987
1689275144.276,-0.027,0.087,0.986
1689275144.276,-0.023,0.079,0.990
1689275144.276,-0.012,0.081,0.992
1689275144.331,-0.003,0.081,0.991
1689275144.331,0.002,0.076,0.987
1689275144.331,0.013,0.078,0.996
1689275144.377,0.018,0.074,0.992
1689275144.377,0.026,0.072,0.991
1689275144.377,0.045,0.070,0.994
1689275144.437,0.059,0.067,0.999
1689275144.437,0.068,0.062,1.003
1689275144.437,0.073,0.060,0.999
1689275144.498,0.078,0.058,0.997
1689275144.498,0.077,0.053,0.992
1689275144.498,0.076,0.058,0.998
1689275144.546,0.078,0.054,0.996
1689275144.546,0.082,0.053,0.995
1689275144.546,0.086,0.053,0.995
1689275144.602,0.085,0.049,0.991
1689275144.602,0.079,0.048,1.002
1689275144.602,0.080,0.055,0.997
1689275144.662,0.081,0.052,0.992
1689275144.662,0.077,0.051,0.999
1689275144.662,0.077,0.054,0.999
1689275144.722,0.079,0.051,1.000
1689275144.722,0.075,0.053,1.000
1689275144.722,0.075,0.053,0.993
1689275144.782,0.072,0.052,0.994
1689275144.782,0.069,0.055,0.994
1689275144.782,0.068,0.051,0.996
1689275144.828,0.066,0.051,0.991
1689275144.828,0.065,0.051,0.993
1689275144.828,0.062,0.048,0.994
1689275144.887,0.065,0.050,0.990
1689275144.887,0.070,0.051,0.994
1689275144.887,0.067,0.049,0.995
1689275144.947,0.071,0.050,0.997
1689275144.947,0.064,0.053,0.998
1689275144.947,0.066,0.048,1.000
1689275145.010,0.065,0.049,0.991
1689275145.010,0.068,0.046,0.992
1689275145.010,0.069,0.047,1.001
1689275145.055,0.071,0.047,1.001
1689275145.055,0.072,0.047,1.001
1689275145.055,0.078,0.051,0.998
1689275145.112,0.077,0.048,0.993
1689275145.112,0.077,0.052,0.997
1689275145.112,0.075,0.049,0.990
1689275145.172,0.068,0.050,0.994
1689275145.172,0.064,0.048,0.994
1689275145.172,0.059,0.047,0.998
1689275145.246,0.055,0.049,1.000
1689275145.246,0.034,0.043,0.999
1689275145.246,0.032,0.044,0.994
1689275145.294,0.026,0.047,0.990
1689275145.294,0.014,0.046,0.995
1689275145.294,0.010,0.045,1.000
1689275145.340,0.011,0.047,1.000
1689275145.340,0.013,0.047,1.000
1689275145.340,0.010,0.050,1.000
1689275145.397,0.011,0.051,0.998
1689275145.397,0.010,0.050,1.002
1689275145.397,0.012,0.052,0.996
1689275145.457,0.007,0.055,0.995
1689275145.457,0.005,0.052,0.996
1689275145.457,0.004,0.049,0.999
1689275145.517,0.001,0.053,0.999
1689275145.517,-0.001,0.055,0.995
1689275145.517,-0.004,0.052,1.002
1689275145.576,-0.002,0.051,0.998
1689275145.576,-0.003,0.053,0.992
1689275145.576,-0.008,0.051,0.999
1689275145.622,-0.008,0.053,0.998
1689275145.622,-0.007,0.054,0.995
1689275145.622,-0.007,0.056,0.995
1689275145.682,-0.009,0.057,1.001
1689275145.682,-0.007,0.055,1.003
1689275145.682,-0.008,0.058,1.003
1689275145.742,-0.008,0.056,1.000
1689275145.742,-0.009,0.059,0.998
1689275145.742,-0.015,0.059,0.997
1689275145.801,-0.015,0.062,0.996
1689275145.801,-0.014,0.061,0.999
1689275145.801,-0.017,0.063,0.997
1689275145.850,-0.017,0.065,1.001
1689275145.850,-0.016,0.065,1.000
1689275145.850,-0.018,0.061,0.999
1689275145.907,-0.020,0.060,1.000
1689275145.907,-0.017,0.066,0.997
1689275145.907,-0.018,0.065,1.001
1689275145.967,-0.019,0.065,1.002
1689275145.967,-0.019,0.066,1.005
1689275145.967,-0.020,0.068,0.999
1689275146.027,-0.021,0.065,1.001
1689275146.027,-0.017,0.065,0.997
1689275146.027,-0.018,0.062,0.998
1689275146.072,-0.020,0.065,0.998
1689275146.072,-0.017,0.066,0.996
1689275146.072,-0.016,0.067,0.996
1689275146.135,-0.016,0.067,1.000
1689275146.135,-0.017,0.065,1.001
1689275146.135,-0.018,0.067,0.999
1689275146.195,-0.020,0.062,0.998
1689275146.195,-0.018,0.066,0.998
1689275146.195,-0.018,0.068,1.001
1689275146.252,-0.015,0.065,0.999
1689275146.252,-0.015,0.060,0.997
1689275146.252,-0.017,0.063,0.995
1689275146.312,-0.016,0.062,0.996
1689275146.312,-0.014,0.063,0.997
1689275146.312,-0.016,0.067,1.002
1689275146.357,-0.018,0.066,1.003
1689275146.357,-0.018,0.064,1.003
1689275146.357,-0.018,0.064,0.999
1689275146.422,-0.023,0.063,0.995
1689275146.422,-0.019,0.064,0.997
1689275146.422,-0.022,0.062,0.998
1689275146.477,-0.020,0.061,0.999
1689275146.477,-0.017,0.068,0.998
1689275146.477,-0.015,0.063,0.999
1689275146.551,-0.018,0.062,0.998
1689275146.551,-0.019,0.060,1.000
1689275146.551,-0.019,0.057,0.993
1689275146.582,-0.020,0.058,0.998
1689275146.582,-0.020,0.059,0.999
1689275146.582,-0.019,0.056,0.998
1689275146.642,-0.018,0.057,1.000
1689275146.642,-0.018,0.059,0.998
1689275146.642,-0.019,0.060,0.997
1689275146.705,-0.019,0.060,0.994
1689275146.705,-0.017,0.061,0.995
1689275146.705,-0.019,0.063,0.998
1689275146.761,-0.023,0.062,0.994
1689275146.761,-0.022,0.065,1.000
1689275146.761,-0.021,0.068,0.998
1689275146.807,-0.025,0.064,0.998
1689275146.807,-0.024,0.064,0.999
1689275146.807,-0.024,0.069,0.996
1689275146.867,-0.022,0.064,0.998
1689275146.867,-0.018,0.064,0.997
1689275146.867,-0.024,0.062,0.999
1689275146.931,-0.022,0.069,0.997
1689275146.931,-0.018,0.065,0.999
1689275146.931,-0.012,0.065,0.999
1689275146.987,-0.014,0.068,0.998
1689275146.987,-0.019,0.064,0.997
1689275146.987,-0.014,0.068,0.998
1689275147.046,-0.017,0.065,1.002
1689275147.046,-0.017,0.065,1.000
1689275147.046,-0.017,0.065,0.999
1689275147.092,-0.015,0.062,0.996
1689275147.092,-0.015,0.065,0.996
1689275147.092,-0.020,0.062,0.991
1689275147.152,-0.019,0.069,0.997
1689275147.152,-0.019,0.064,0.997
1689275147.152,-0.017,0.067,0.998
1689275147.215,-0.014,0.066,0.998
1689275147.215,-0.016,0.070,0.997
1689275147.215,-0.016,0.067,0.999
1689275147.262,-0.021,0.068,0.997
1689275147.262,-0.016,0.075,0.997
1689275147.262,-0.016,0.072,0.999
1689275147.318,-0.019,0.072,1.000
1689275147.318,-0.016,0.071,0.998
1689275147.318,-0.016,0.071,0.997
1689275147.377,-0.013,0.071,0.997
1689275147.377,-0.017,0.073,0.994
1689275147.377,-0.016,0.074,0.994
1689275147.437,-0.017,0.069,0.999
1689275147.437,-0.014,0.074,0.999
1689275147.437,-0.014,0.072,0.996
1689275147.498,-0.013,0.074,1.001
1689275147.498,-0.014,0.074,1.000
1689275147.498,-0.017,0.074,0.995
1689275147.547,-0.015,0.074,0.999
1689275147.547,-0.016,0.076,0.998
1689275147.547,-0.013,0.074,0.996
1689275147.602,-0.013,0.078,1.001
1689275147.602,-0.014,0.077,0.995
1689275147.602,-0.011,0.077,0.997
1689275147.663,-0.014,0.076,1.000
1689275147.663,-0.012,0.078,0.990
1689275147.663,-0.008,0.075,0.997
1689275147.722,-0.007,0.075,0.997
1689275147.722,-0.010,0.075,1.001
1689275147.722,-0.007,0.076,1.002
1689275147.781,-0.012,0.079,1.001
1689275147.781,-0.010,0.080,0.993
1689275147.781,-0.008,0.078,0.995
1689275147.845,-0.008,0.075,0.997
1689275147.845,-0.008,0.078,0.997
1689275147.845,-0.014,0.079,0.997
1689275147.887,-0.016,0.075,0.996
1689275147.887,-0.016,0.076,0.994
1689275147.887,-0.015,0.076,0.993
1689275147.947,-0.017,0.075,0.992
1689275147.947,-0.015,0.076,0.997
1689275147.947,-0.013,0.078,1.001
1689275148.007,-0.012,0.080,0.999
1689275148.007,-0.011,0.080,0.998
1689275148.007,-0.012,0.078,1.002
1689275148.055,-0.007,0.077,0.997
1689275148.055,-0.008,0.080,0.998
1689275148.055,-0.014,0.081,0.997
1689275148.112,-0.012,0.079,0.995
1689275148.112,-0.009,0.078,0.993
1689275148.112,-0.012,0.079,0.993
1689275148.172,-0.012,0.075,0.997
1689275148.172,-0.009,0.080,0.998
1689275148.172,-0.011,0.081,0.996
1689275148.232,-0.009,0.077,0.995
1689275148.232,-0.011,0.078,0.999
1689275148.232,-0.011,0.079,0.996
1689275148.292,-0.010,0.077,0.997
1689275148.292,-0.016,0.075,0.997
1689275148.292,-0.010,0.075,1.002
1689275148.341,-0.013,0.076,1.002
1689275148.341,-0.013,0.079,0.997
1689275148.341,-0.013,0.075,0.993
1689275148.397,-0.013,0.078,0.993
1689275148.397,-0.015,0.079,0.999
1689275148.397,-0.018,0.078,1.000
1689275148.457,-0.016,0.079,0.999
1689275148.457,-0.018,0.081,0.999
1689275148.457,-0.014,0.076,0.993
1689275148.516,-0.014,0.079,0.998
1689275148.516,-0.018,0.078,0.996
1689275148.516,-0.019,0.077,0.997
1689275148.579,-0.020,0.078,0.998
1689275148.579,-0.020,0.080,1.000
1689275148.579,-0.018,0.079,0.998
1689275148.623,-0.015,0.077,0.999
1689275148.623,-0.017,0.079,0.998
1689275148.623,-0.011,0.078,0.999
1689275148.681,-0.013,0.078,0.995
1689275148.681,-0.009,0.078,1.000
1689275148.681,-0.001,0.077,0.996
1689275148.742,-0.006,0.075,0.999
1689275148.742,-0.006,0.074,0.999
1689275148.742,-0.005,0.077,0.999
1689275148.787,-0.005,0.074,0.995
1689275148.787,-0.012,0.070,0.998
1689275148.787,-0.012,0.070,1.000
1689275148.850,-0.017,0.068,0.997
1689275148.850,-0.017,0.075,0.997
1689275148.850,-0.016,0.073,0.994
1689275148.908,-0.017,0.071,0.995
1689275148.908,-0.011,0.074,0.998
1689275148.908,-0.012,0.071,0.995
1689275148.967,-0.008,0.074,0.998
1689275148.967,-0.007,0.075,0.999
1689275148.967,-0.010,0.070,0.999
1689275149.026,-0.010,0.076,0.996
1689275149.026,-0.013,0.079,0.992
1689275149.026,-0.014,0.074,0.996
1689275149.072,-0.013,0.076,1.002
1689275149.072,-0.013,0.076,1.006
1689275149.072,-0.013,0.077,1.002
1689275149.150,-0.010,0.071,0.996
1689275149.150,-0.008,0.069,0.993
1689275149.150,-0.010,0.073,0.993
1689275149.192,-0.013,0.074,0.993
1689275149.192,-0.010,0.071,0.999
1689275149.192,-0.008,0.074,0.995
1689275149.267,-0.012,0.073,0.996
1689275149.267,-0.016,0.071,1.004
1689275149.267,-0.014,0.072,0.998
1689275149.297,-0.015,0.073,0.995
1689275149.297,-0.013,0.074,0.995
1689275149.297,-0.013,0.079,0.997
1689275149.372,-0.011,0.075,1.001
1689275149.372,-0.014,0.079,1.001
1689275149.372,-0.009,0.077,1.000
1689275149.419,-0.008,0.075,0.998
1689275149.419,-0.010,0.075,0.998
1689275149.419,-0.012,0.078,0.995
1689275149.465,-0.015,0.075,0.999
1689275149.465,-0.017,0.078,0.999
1689275149.465,-0.015,0.077,1.000
1689275149.537,-0.011,0.078,0.995
1689275149.537,-0.014,0.076,0.997
1689275149.537,-0.015,0.079,0.996
1689275149.582,-0.015,0.078,1.001
1689275149.582,-0.009,0.078,0.994
1689275149.582,-0.011,0.081,0.997
1689275149.642,-0.013,0.072,0.996
1689275149.642,-0.011,0.078,0.999
1689275149.642,-0.013,0.078,1.000
1689275149.702,-0.010,0.075,0.998
1689275149.702,-0.014,0.075,1.004
1689275149.702,-0.014,0.073,1.002
1689275149.748,-0.011,0.073,0.998
1689275149.748,-0.014,0.072,0.991
1689275149.748,-0.010,0.074,0.991
1689275149.807,-0.011,0.078,0.999
1689275149.807,-0.008,0.078,0.996
1689275149.807,-0.011,0.078,0.996
1689275149.867,-0.014,0.076,0.997
1689275149.867,-0.016,0.079,0.998
1689275149.867,-0.013,0.078,0.999
1689275149.927,-0.015,0.080,0.993
1689275149.927,-0.017,0.076,0.999
1689275149.927,-0.014,0.079,0.996
1689275149.987,-0.015,0.080,0.997
1689275149.987,-0.012,0.083,0.994
1689275149.987,-0.013,0.081,0.997
1689275150.050,-0.013,0.081,0.997
1689275150.050,-0.013,0.079,0.998
1689275150.050,-0.013,0.078,0.996
1689275150.092,-0.015,0.074,0.998
1689275150.092,-0.017,0.078,0.997
1689275150.092,-0.012,0.080,0.998
1689275150.152,-0.015,0.081,0.999
1689275150.152,-0.014,0.077,0.998
1689275150.152,-0.013,0.079,1.001
1689275150.215,-0.010,0.077,0.993
1689275150.215,-0.013,0.077,0.994
1689275150.215,-0.016,0.073,0.996
1689275150.262,-0.017,0.075,0.992
1689275150.262,-0.015,0.076,0.994
1689275150.262,-0.011,0.075,0.996
1689275150.317,-0.012,0.081,1.005
1689275150.317,-0.013,0.075,1.001
1689275150.317,-0.013,0.085,1.000
1689275150.377,-0.012,0.077,0.994
1689275150.377,-0.010,0.076,0.996
1689275150.377,-0.013,0.076,0.995
1689275150.452,-0.014,0.075,0.998
1689275150.452,-0.016,0.076,0.999
1689275150.452,-0.013,0.079,0.996
1689275150.514,-0.017,0.076,0.998
1689275150.514,-0.016,0.077,0.998
1689275150.514,-0.017,0.076,0.995
1689275150.547,-0.014,0.079,0.997
1689275150.547,-0.015,0.077,0.999
1689275150.547,-0.018,0.078,1.000
1689275150.602,-0.019,0.077,1.001
1689275150.602,-0.017,0.077,0.998
1689275150.602,-0.016,0.077,0.993
1689275150.662,-0.018,0.080,0.994
1689275150.662,-0.022,0.078,0.995
1689275150.662,-0.022,0.076,0.998
1689275150.722,-0.022,0.073,0.997
1689275150.722,-0.021,0.075,0.997
1689275150.722,-0.020,0.076,0.996
1689275150.782,-0.018,0.077,0.996
1689275150.782,-0.017,0.072,0.995
1689275150.782,-0.016,0.076,0.996
1689275150.829,-0.020,0.074,0.997
1689275150.829,-0.020,0.074,0.997
1689275150.829,-0.020,0.077,0.991
1689275150.887,-0.020,0.072,0.994
1689275150.887,-0.017,0.079,0.998
1689275150.887,-0.020,0.078,1.002
1689275150.947,-0.019,0.078,1.002
1689275150.947,-0.019,0.076,1.000
1689275150.947,-0.019,0.073,0.998
1689275151.007,-0.020,0.076,0.997
1689275151.007,-0.018,0.076,0.997
1689275151.007,-0.018,0.077,0.996
1689275151.070,-0.023,0.078,0.997
1689275151.070,-0.026,0.077,0.996
1689275151.070,-0.024,0.074,0.999
1689275151.112,-0.022,0.075,0.995
1689275151.112,-0.025,0.075,0.991
1689275151.112,-0.025,0.073,0.995
1689275151.175,-0.028,0.073,0.999
1689275151.175,-0.026,0.079,0.998
1689275151.175,-0.025,0.081,0.998
